feature,median_liposarcoma,median_lipoma,median_difference,mean_difference,U_statistic,p_value,rank_biserial_corr,n_liposarcoma,n_lipoma,p_value_fdr_bh,significant_fdr_0.05
PREDICT_original_sf_volume_2.5D,436645.18272300623,153763.36615223624,282881.81657077,442102.9013115163,2734.0,1.5020308146890759e-09,-0.6539624924379914,58,57,7.405011916417144e-07,True
PREDICT_original_sf_area_std_2.5D,1769.8869138284913,685.4003934771849,1084.4865203513064,1239.8817913309117,2533.0,8.663971208756615e-07,-0.5323653962492438,58,57,0.00014237792686390036,True
PREDICT_original_sf_area_max_2.5D,6132.488250732422,2476.576171875,3655.912078857422,4147.350421800376,2546.0,5.96014538528631e-07,-0.5402298850574712,58,57,0.00014237792686390036,True
PREDICT_original_sf_area_avg_2.5D,3570.0334124495816,1578.574902670724,1991.4585097788577,2501.153682039241,2513.0,1.5251846134645188e-06,-0.5202661826981245,58,57,0.00015038320288760155,True
PREDICT_original_tf_Gabor_mean_F0.2_A0.0,-0.0017240972313007,0.0002249613434796,-0.0019490585747802998,-0.003793666615492514,793.0,1.5251846134645188e-06,0.5202661826981246,58,57,0.00015038320288760155,True
PREDICT_original_tf_Gabor_mean_F0.2_A0.79,-0.00193890952774065,0.0001802851956718,-0.0021191947234124498,-0.0027820784321523325,806.0,2.188528445691639e-06,0.5124016938898972,58,57,0.000179824087287663,True
PREDICT_original_tf_Gabor_mean_F0.05_A0.0,0.0027612558531709998,0.0124185261080256,-0.0096572702548546,-0.01177202242160242,890.0,1.996296549721971e-05,0.4615849969751966,58,57,0.0014059631414470454,True
PREDICT_original_tf_Gabor_energy_F0.2_A0.79,12420.883656877822,3143.1669274465903,9277.716729431231,20635.187362075154,2354.0,8.910675726012887e-05,-0.4240774349667271,58,57,0.0054912039161554415,True
PREDICT_original_tf_Gabor_entropy_F0.5_A2.36,17.345398721864726,16.143411904269996,1.2019868175947295,1.2409149815276344,2292.0,0.0003547146434836021,-0.3865698729582576,58,57,0.0055827414606465075,True
PREDICT_original_tf_Gabor_energy_F0.2_A0.0,17738.29316321014,4680.875621760857,13057.417541449282,32552.051104450482,2341.0,0.00012017619122076039,-0.4162129461584998,58,57,0.0055827414606465075,True
PREDICT_original_tf_Gabor_entropy_F0.2_A0.0,17.35298638387407,16.149781652108377,1.2032047317656946,1.2435146809226758,2293.0,0.00034721207632791096,-0.3871748336358136,58,57,0.0055827414606465075,True
PREDICT_original_tf_Gabor_entropy_F0.05_A1.57,17.33514479370106,16.12880015303362,1.2063446406674387,1.2528863062134068,2298.0,0.0003118751052841791,-0.3901996370235934,58,57,0.0055827414606465075,True
PREDICT_original_tf_Gabor_energy_F0.05_A1.57,18005.312344805596,4940.482883211133,13064.829461594461,19441.151641683166,2295.0,0.00033265013869558034,-0.3883847549909256,58,57,0.0055827414606465075,True
PREDICT_original_phasef_phasecong_entropy_WL3_N5,14.559253714247593,13.499218043722646,1.0600356705249467,1.081004673337823,2305.0,0.0002680286815050012,-0.39443436176648516,58,57,0.0055827414606465075,True
PREDICT_original_tf_Gabor_entropy_F0.05_A0.79,17.333089662090984,16.143345820189857,1.1897438419011266,1.2516511563116737,2298.0,0.0003118751052841791,-0.3901996370235934,58,57,0.0055827414606465075,True
PREDICT_original_tf_LBP_entropy_R3_P12,17.03820941905736,15.901247379514436,1.136962039542924,1.2403917788931516,2295.0,0.00033265013869558034,-0.3883847549909256,58,57,0.0055827414606465075,True
PREDICT_original_tf_Gabor_entropy_F0.2_A0.79,17.348477705669687,16.144539130353078,1.2039385753166094,1.2448993820927114,2293.0,0.00034721207632791096,-0.3871748336358136,58,57,0.0055827414606465075,True
PREDICT_original_tf_Gabor_entropy_F0.5_A1.57,17.352123350941575,16.14722225910649,1.2049010918350866,1.239126882202168,2292.0,0.0003547146434836021,-0.3865698729582576,58,57,0.0055827414606465075,True
PREDICT_original_tf_Gabor_median_F0.05_A0.0,-0.00112344141605635,0.0052411782166422,-0.00636461963269855,-0.010048245458038228,1013.0,0.00034721207632791096,0.3871748336358136,58,57,0.0055827414606465075,True
PREDICT_original_logf_entropy_sigma1,17.34818566312238,16.15204364631934,1.1961420168030408,1.2379595295070196,2292.0,0.0003547146434836021,-0.3865698729582576,58,57,0.0055827414606465075,True
PREDICT_original_tf_LBP_energy_R8_P24,78123669.875,29153679.5,48969990.375,65352935.39655173,2294.0,0.0003398581478103754,-0.3877797943133696,58,57,0.0055827414606465075,True
PREDICT_original_tf_Gabor_entropy_F0.2_A1.57,17.348773975749324,16.14676057038546,1.2020134053638643,1.2420874265620405,2293.0,0.00034721207632791096,-0.3871748336358136,58,57,0.0055827414606465075,True
PREDICT_original_tf_Gabor_entropy_F0.2_A2.36,17.34059696692242,16.122736792214877,1.2178601747075426,1.2405990294249385,2291.0,0.00036236861407847515,-0.38596491228070184,58,57,0.0055827414606465075,True
PREDICT_original_tf_Gabor_mean_F0.5_A0.0,-0.0001765521248435,0.0027566436142019,-0.0029331957390454,-0.0033562451364886076,997.0,0.00024563978232884366,0.39685420447670905,58,57,0.0055827414606465075,True
PREDICT_original_logf_entropy_sigma5,17.335117171104375,16.150670666121194,1.1844465049831818,1.2374876359478009,2295.0,0.00033265013869558034,-0.3883847549909256,58,57,0.0055827414606465075,True
PREDICT_original_tf_Gabor_entropy_F0.5_A0.0,17.35263344832807,16.14993979428812,1.202693654039951,1.2399813131606017,2292.0,0.0003547146434836021,-0.3865698729582576,58,57,0.0055827414606465075,True
PREDICT_original_tf_Gabor_entropy_F0.5_A0.79,17.34876725878845,16.14517214388588,1.2035951149025692,1.2407541367885884,2293.0,0.00034721207632791096,-0.3871748336358136,58,57,0.0055827414606465075,True
PREDICT_original_tf_Gabor_entropy_F0.05_A0.0,17.34143503801702,16.127673335068195,1.2137617029488261,1.250593337769521,2294.0,0.0003398581478103754,-0.3877797943133696,58,57,0.0055827414606465075,True
PREDICT_original_tf_LBP_entropy_R15_P36,17.21502133057924,16.00270244579652,1.2123188847827215,1.2955577479237252,2293.0,0.00034721207632791096,-0.3871748336358136,58,57,0.0055827414606465075,True
PREDICT_original_logf_entropy_sigma10,17.33043794680067,16.14828053494555,1.1821574118551226,1.2395999484565046,2291.0,0.00036236861407847515,-0.38596491228070184,58,57,0.0055827414606465075,True
PREDICT_original_tf_LBP_entropy_R8_P24,17.18791364650405,16.014139119983234,1.1737745265208162,1.25958523725755,2293.0,0.00034721207632791096,-0.3871748336358136,58,57,0.0055827414606465075,True
PREDICT_original_phasef_monogenic_entropy_WL3_N5,17.105304192269983,15.739550340357113,1.3657538519128707,1.2692519582011492,2293.0,0.00034721207632791096,-0.3871748336358136,58,57,0.0055827414606465075,True
PREDICT_original_tf_Gabor_entropy_F0.05_A2.36,17.312535993149076,16.120865710860706,1.1916702822883707,1.2510696141166804,2289.0,0.00037814205657392034,-0.38475499092558985,58,57,0.005649213148210386,True
PREDICT_original_tf_LBP_energy_R3_P12,16142809.121400002,5415176.280800001,10727632.840600003,-11896446.833438098,2284.0,0.0004204278240946113,-0.3817301875378101,58,57,0.006096203449371864,True
PREDICT_original_tf_Gabor_mean_F0.5_A2.36,-5.152492518066059e-05,0.0016456115819228,-0.0016971365071034607,-0.0013540014424082943,1031.0,0.0005078661960425564,0.3762855414398064,58,57,0.007153658132828008,True
PREDICT_original_hf_entropy,17.292258542368252,16.09034194670257,1.2019165956656828,1.2216101988393753,2273.0,0.0005294725488807193,-0.3750756200846945,58,57,0.007250832405505407,True
PREDICT_original_tf_Gabor_mean_F0.05_A0.79,0.004564799278057851,0.0100389985740874,-0.005474199296029549,-0.00815604239209782,1035.0,0.0005519330130392011,0.37386569872958253,58,57,0.007354134471035842,True
PREDICT_original_phasef_phasesym_skewness_WL3_N5,1.7889019075086332,1.2518703392735333,0.5370315682350999,0.4862542856219967,2266.0,0.0006120257478799523,-0.37084089534180276,58,57,0.007736633171918372,True
PREDICT_original_tf_Gabor_mean_F0.5_A0.79,-0.00012180862300650127,0.0016058632737824,-0.0017276718967889015,-0.0016657141367825458,1040.0,0.0006120257478799523,0.37084089534180276,58,57,0.007736633171918372,True
PREDICT_original_logf_energy_sigma1,221060.80381409999,109036.1736856321,112024.63012846789,491945.28081256803,2262.0,0.0006644251873877645,-0.368421052631579,58,57,0.008189040434554198,True
PREDICT_original_tf_LBP_energy_R15_P36,200325808.60579997,67685053.1792,132640755.42659998,-914729673.9260998,2259.0,0.0007064300123465035,-0.366606170598911,58,57,0.008494390148459176,True
PREDICT_original_phasef_phasesym_kurtosis_WL3_N5,2.5493201850433995,0.5887894348764195,1.96053075016698,2.3288919187571384,2257.0,0.0007357901140367364,-0.3653962492437992,58,57,0.008636774433812168,True
PREDICT_original_tf_Gabor_energy_F0.05_A0.79,9845.43424925971,3514.893521008531,6330.540728251179,13871.623569229709,2254.0,0.0007819614665309407,-0.3635813672111312,58,57,0.008965279139529157,True
PREDICT_original_tf_Gabor_energy_F0.2_A1.57,17320.268886919992,7226.018329635826,10094.250557284166,18925.05429891525,2252.0,0.0008142212643104471,-0.36237144585601944,58,57,0.009122979166023873,True
PREDICT_original_tf_Gabor_energy_F0.2_A2.36,8277.689480096295,3463.9604904385897,4813.728989657705,17225.88805554036,2234.0,0.0011653608137314857,-0.3514821536600121,58,57,0.01276717513710272,True
PREDICT_original_tf_Gabor_energy_F0.05_A2.36,8534.203469776505,2667.9135855358754,5866.289884240629,10901.84081323266,2228.0,0.0013105371264562132,-0.34785238959467635,58,57,0.014045539203106807,True
PREDICT_original_sf_compactness_std_2.5D,0.2095159350008966,0.1544674368859487,0.055048498114947914,0.03907861260032522,2216.0,0.0016521681615795697,-0.3405928614640048,58,57,0.0173301894395474,True
PREDICT_original_phasef_phasesym_mean_WL3_N5,0.0824419473536773,0.1282640667842161,-0.045822119430538794,-0.03119261665189764,1092.0,0.0017165006204586455,0.3393829401088929,58,57,0.017629891789294007,True
PREDICT_original_phasef_phasecong_energy_WL3_N5,1809.6581670288192,1012.5528741758473,797.105292852972,1466.8578905385784,2212.0,0.0017831297079069983,-0.33817301875378103,58,57,0.017940468285676532,True
PREDICT_original_tf_Gabor_energy_F0.05_A0.0,15515.113331040817,5133.055806276648,10382.057524764168,27527.042631013624,2209.0,0.0018875405213027736,-0.33635813672111303,58,57,0.01861114954004535,True
PREDICT_original_tf_Gabor_energy_F0.5_A0.79,3844.8956978856413,1700.8169600647873,2144.0787378208543,3999.2131830078,2203.0,0.002113395663340989,-0.3327283726557775,58,57,0.019658567208058635,True
PREDICT_original_tf_Gabor_energy_F0.5_A0.0,15926.362876538285,7425.944567196652,8500.418309341632,23950.505502238575,2205.0,0.0020354946864782823,-0.33393829401088926,58,57,0.019658567208058635,True
PREDICT_original_tf_Gabor_mean_F0.2_A2.36,-0.00179107958498575,4.034507473710973e-05,-0.0018314246597228598,-0.0014368628959994757,1102.0,0.00207410970870738,0.33333333333333337,58,57,0.019658567208058635,True
PREDICT_original_tf_Gabor_median_F0.2_A1.57,-0.00350225831092355,-0.0004055418539349,-0.0030967164569886503,-0.0029539797714301552,1104.0,0.002153362957131299,0.3321234119782214,58,57,0.019659406256772784,True
PREDICT_original_tf_Gabor_energy_F0.5_A2.36,4519.094788950504,1909.251198278112,2609.843590672392,3554.0691494455723,2195.0,0.002453114897314546,-0.3278886872353297,58,57,0.02198882989774675,True
PREDICT_original_phasef_phasesym_quartile_range_WL3_N5,0.13805540637669583,0.2423944683931039,-0.10433906201640808,-0.07071720597060946,1113.5,0.002554722697069003,0.3263762855414398,58,57,0.022490683743839616,True
PREDICT_original_tf_Gabor_kurtosis_F0.2_A0.0,16.77706598261295,11.881094691280142,4.895971291332808,9.74840094888092,2191.0,0.002641088307286364,-0.32546884452510594,58,57,0.022843097113897853,True
"PREDICT_original_vf_Frangi_inner_energy_SR(1.0, 10.0)_SS2.0",1.6677335778040401e-13,2.0647031520159877e-14,1.4612632626024415e-13,-8.222667581944475e-07,2167.0,0.004073180948411295,-0.31094978826376285,58,57,0.034622038061496004,True
PREDICT_original_tf_Gabor_kurtosis_F0.05_A0.79,3.830910088740886,2.5866919458753888,1.2442181428654973,2.3922313257761187,2157.0,0.004855011833257652,-0.3049001814882033,58,57,0.040568149725356314,True
PREDICT_original_tf_Gabor_kurtosis_F0.05_A0.0,4.3777671420082065,3.215707437556217,1.1620597044519894,3.081896665576097,2156.0,0.004940226895788982,-0.3042952208106473,58,57,0.04059219766039947,True
PREDICT_original_phasef_phasesym_std_WL3_N5,0.14441047360503545,0.1685464852774887,-0.024136011672453245,-0.022727329993549122,1155.0,0.005386935676390096,0.30127041742286753,58,57,0.04283482723323092,True
PREDICT_original_phasef_monogenic_energy_WL3_N5,2061238709.0932,776897127.3208002,1284341581.7724,195685648825.38812,2151.0,0.005386935676390096,-0.30127041742286753,58,57,0.04283482723323092,True
"PREDICT_original_vf_Frangi_full_entropy_SR(1.0, 10.0)_SS2.0",13.927295439617193,12.822944187417928,1.1043512521992653,0.9525197203438616,2139.0,0.00661137796805589,-0.294010889292196,58,57,0.050928270910180526,False
"PREDICT_original_vf_Frangi_edge_entropy_SR(1.0, 10.0)_SS2.0",13.927295439617193,12.822944187417928,1.1043512521992653,0.9525197203438616,2139.0,0.00661137796805589,-0.294010889292196,58,57,0.050928270910180526,False
PREDICT_original_logf_energy_sigma10,473380.9035202954,245606.02308959293,227774.88043070247,1019661.2631583835,2137.0,0.006838201840804252,-0.292800967937084,58,57,0.051865130884869166,False
PREDICT_original_tf_Gabor_median_F0.5_A0.0,-0.00288872212091505,5.497277478166973e-05,-0.0029436948956967197,-0.0036250565661634297,1170.0,0.006954215431976584,0.2921960072595281,58,57,0.051945881938855396,False
PREDICT_original_tf_GLCMMS_homogeneityd3.0A0.79mean,0.044797390622072206,0.0334610493259524,0.011336341296119809,0.013112553170861442,2132.0,0.007436150561634888,-0.2897761645493042,58,57,0.05471674965501491,False
PREDICT_original_tf_Gabor_median_F0.2_A0.0,-0.0032774402823393996,-0.0007761733442007,-0.0025012669381387,-0.002190623016343626,1177.0,0.007817037092387229,0.28796128251663644,58,57,0.055187044203830846,False
PREDICT_original_sf_prax_std_2.5D,0.1379777914775236,0.1005734791831464,0.0374043122943772,0.0280177627326893,2129.0,0.007817037092387229,-0.28796128251663644,58,57,0.055187044203830846,False
PREDICT_original_phasef_phasecong_range_WL3_N5,0.40700482126334936,0.4911281853742844,-0.08412336411093502,-0.043679236902679164,1178.0,0.00794782989548071,0.28735632183908044,58,57,0.055187044203830846,False
PREDICT_original_phasef_phasecong_max_WL3_N5,0.40700482126334936,0.4911281853742844,-0.08412336411093502,-0.043679236902679164,1178.0,0.00794782989548071,0.28735632183908044,58,57,0.055187044203830846,False
PREDICT_original_tf_Gabor_median_F0.05_A0.79,-0.000390542742588,0.0018351008091398,-0.0022256435517278,-0.007281939807431146,1184.0,0.008774557504788246,0.28372655777374467,58,57,0.06008134513695285,False
PREDICT_original_phasef_phasesym_median_WL3_N5,0.0,0.0,0.0,-0.0232654327618496,1263.0,0.009202324002220047,0.23593466424682397,58,57,0.06214720182321209,False
PREDICT_original_tf_Gabor_peak_F0.5_A0.0,-0.00288872212091505,-0.0003950947412393,-0.00249362737967575,-0.0034877641213077668,1190.0,0.009677289945894169,0.280096793708409,58,57,0.06447167490980846,False
PREDICT_original_tf_LBP_std_R15_P36,11.176919727423666,11.814089224512283,-0.6371694970886175,-0.7426707442622078,1192.0,0.009996096919160731,0.278886872353297,58,57,0.06570767708194987,False
PREDICT_original_phasef_phasecong_std_WL3_N5,0.09663316405233195,0.1115911249797196,-0.014957960927387645,-0.010689723066013276,1195.0,0.01049185660008257,0.2770719903206291,58,57,0.06805901715579878,False
PREDICT_original_tf_Gabor_energy_F0.5_A1.57,17537.51634229366,11354.566783602608,6182.9495586910525,15378.607953021707,2110.0,0.01066190502043301,-0.2764670296430731,58,57,0.06826388539056459,False
PREDICT_original_tf_LBP_mean_R15_P36,30.783475059796665,29.90445028677066,0.8790247730260035,1.61013962646771,2102.0,0.012112895800276099,-0.2716273442226256,58,57,0.07655971319918099,False
PREDICT_original_phasef_phasesym_range_WL3_N5,0.5087434728696825,0.5824299100125924,-0.0736864371429099,-0.05560363386187139,1209.0,0.013106253963231083,0.2686025408348457,58,57,0.07784799040810751,False
PREDICT_original_tf_Gabor_mean_F0.2_A1.57,-0.00143757743434025,-0.0005226101774613,-0.00091496725687895,-0.0020214901739359346,1207.0,0.012700577548724857,0.2698124621899577,58,57,0.07784799040810751,False
PREDICT_original_sf_convexity_std_2.5D,0.1857319854579916,0.1075403435595295,0.0781916418984621,0.036939612882377876,2098.0,0.01290200515621378,-0.2692075015124018,58,57,0.07784799040810751,False
PREDICT_original_phasef_phasesym_max_WL3_N5,0.5087434728696825,0.5824299100125924,-0.0736864371429099,-0.05560363386187139,1209.0,0.013106253963231083,0.2686025408348457,58,57,0.07784799040810751,False
PREDICT_original_tf_Gabor_max_F0.05_A0.0,0.12142159534017245,0.1604379229350603,-0.03901632759488784,-0.04583629900064384,1207.0,0.012700577548724857,0.2698124621899577,58,57,0.07784799040810751,False
PREDICT_original_tf_LBP_skewness_R15_P36,-1.856501086581165,-1.5163987338061695,-0.34010235277499556,-0.3501631172872517,1212.0,0.013736259323201971,0.2667876588021778,58,57,0.07967030407457143,False
PREDICT_original_tf_Gabor_kurtosis_F0.5_A0.0,54.49281778175556,37.90763730723139,16.585180474524172,35.33169242292544,2094.0,0.013736259323201971,-0.2667876588021778,58,57,0.07967030407457143,False
PREDICT_original_phasef_phasesym_entropy_WL3_N5,15.31412460356746,14.584753233759663,0.7293713698077973,0.8906809838157361,2090.0,0.014617799586662145,-0.26436781609195403,58,57,0.08283419765775214,False
PREDICT_original_hf_min,0.47217662218998735,0.7657733340533592,-0.2935967118633719,-0.2912673315910663,1216.0,0.014617799586662145,0.26436781609195403,58,57,0.08283419765775214,False
PREDICT_original_logf_energy_sigma5,563776.5927692563,244071.6466902615,319704.94607899484,656108.7716416296,2088.0,0.01507699101398946,-0.26315789473684204,58,57,0.08446541556700914,False
PREDICT_original_logf_peak_sigma10,-0.02278051376342775,-0.0309220695495604,0.00814155578613265,0.008033394382458595,2085.0,0.015789600825810445,-0.26134301270417426,58,57,0.08746374390027584,False
PREDICT_original_tf_Gabor_mean_F0.5_A1.57,-2.4375880685048396e-05,0.0013529265268762,-0.0013773024075612484,-0.001660250547416315,1223.0,0.016280977816527868,0.26013309134906226,58,57,0.08918357848386932,False
PREDICT_original_tf_GLCMMS_dissimilarityd3.0A0.79mean,0.19968600455960794,0.1459499891194196,0.053736015440188356,0.0675384695779552,2082.0,0.016531667696290425,-0.25952813067150626,58,57,0.08956167224473822,False
PREDICT_original_tf_Gabor_peak_F0.2_A0.0,-0.0036178808954106002,-0.0015656373264913,-0.0020522435689193,-0.0018512579663140286,1229.0,0.017836632863190295,0.2565033272837266,58,57,0.09256273685845068,False
"PREDICT_original_vf_Frangi_edge_energy_SR(1.0, 10.0)_SS2.0",7.073910768462752e-13,1.6891225982467798e-13,5.384788170215972e-13,-3.1689052422866953e-06,2077.0,0.017836632863190295,-0.2565033272837265,58,57,0.09256273685845068,False
PREDICT_original_tf_GLCMMS_homogeneityd3.0A2.36mean,0.06879826914961595,0.0550234212163128,0.013774847933303157,0.012881575636652452,2079.0,0.01730419170456082,-0.2577132486388385,58,57,0.09256273685845068,False
"PREDICT_original_vf_Frangi_full_energy_SR(1.0, 10.0)_SS2.0",7.073910768462752e-13,1.6891225982467798e-13,5.384788170215972e-13,-3.1689052422866953e-06,2077.0,0.017836632863190295,-0.2565033272837265,58,57,0.09256273685845068,False
PREDICT_original_tf_LBP_kurtosis_R15_P36,1.840166982692585,0.7295014669238444,1.1106655157687406,1.0357987939168176,2071.0,0.01952101675420489,-0.2528735632183907,58,57,0.10024855478982304,False
PREDICT_original_tf_Gabor_kurtosis_F0.05_A2.36,3.3677204211938103,2.1294520097107563,1.238268411483054,1.9304758267546878,2068.0,0.020414154416536056,-0.25105868118572294,58,57,0.10375441368404408,False
PREDICT_original_tf_Gabor_mean_F0.05_A2.36,0.0050147743058095995,0.0097798794654788,-0.0047651051596692,-0.003464954151636522,1242.0,0.02166032343270701,0.24863883847549906,58,57,0.10896468828902608,False
PREDICT_original_phasef_phasecong_median_WL3_N5,0.0,0.0,0.0,-0.0031780697810293453,1508.0,0.022160786523097553,0.08771929824561409,58,57,0.11035623995845549,False
PREDICT_original_tf_GLCMMS_dissimilarityd3.0A2.36mean,0.42803637194994365,0.3154272786424917,0.11260909330745195,0.09581176720019968,2061.0,0.02263791461541112,-0.24682395644283117,58,57,0.11160491905397682,False
PREDICT_original_tf_Gabor_max_F0.5_A0.0,0.051903431316661,0.0786048777162386,-0.026701446399577597,-0.041250670742561585,1247.0,0.023310746742823907,0.24561403508771928,58,57,0.11378414004170481,False
PREDICT_original_tf_Gabor_peak_F0.2_A1.57,-0.0037311450007849,-0.0025102961218627,-0.0012208488789221998,-0.0020235655255457013,1249.0,0.024000871681690607,0.2444041137326074,58,57,0.11600421312817127,False
PREDICT_original_tf_GLCMMS_contrastd3.0A0.79mean,1.6339469339322044,1.18124266642382,0.45270426750838433,0.48302504474091346,2052.0,0.0258041867842422,-0.24137931034482762,58,57,0.12350936004496509,False
PREDICT_original_tf_LBP_peak_R3_P12,12.74,12.74,0.0,0.7136237144585618,1827.5,0.02719316713641458,-0.10556563823351484,58,57,0.12767839426907035,False
PREDICT_original_tf_LBP_peak_position_R3_P12,49.0,49.0,0.0,2.7447065940713813,1827.5,0.02719316713641458,-0.10556563823351484,58,57,0.12767839426907035,False
PREDICT_original_tf_Gabor_quartile_range_F0.05_A0.0,0.0316259979778466,0.0456898510119711,-0.014063853034124503,-0.01808274033062663,1261.0,0.028525021155610154,0.23714458560193585,58,57,0.13142836850201686,False
PREDICT_original_sf_rad_dist_avg_2.5D,47.1915293933193,38.522917930524706,8.668611462794594,9.486262035826357,2045.0,0.028525021155610154,-0.23714458560193585,58,57,0.13142836850201686,False
PREDICT_original_tf_Gabor_peak_F0.05_A0.79,-0.0051030723363593,-0.0024610411155071,-0.0026420312208522,-0.009714488305695622,1262.0,0.028933210125410825,0.23653962492437997,58,57,0.13207474622062534,False
"PREDICT_original_vf_Frangi_inner_std_SR(1.0, 10.0)_SS2.0",1.0492854452106602e-09,6.571821161621987e-10,3.9210332904846154e-10,-7.464494056478709e-07,2041.0,0.030188081610471314,-0.23472474289171208,58,57,0.13407859670236358,False
PREDICT_original_tf_GLCMMS_homogeneityd3.0A0.79std,0.054137314990818,0.0413641856116853,0.012773129379132706,0.011156674515056406,2041.0,0.030188081610471314,-0.23472474289171208,58,57,0.13407859670236358,False
PREDICT_original_tf_Gabor_max_F0.2_A0.0,0.0729331463927671,0.0877840069876718,-0.014850860594904702,-0.02601523966702933,1265.0,0.030188081610471314,0.23472474289171208,58,57,0.13407859670236358,False
"PREDICT_original_vf_Frangi_inner_entropy_SR(1.0, 10.0)_SS2.0",13.305981079361008,12.449349260547296,0.8566318188137121,0.9022516979897972,2029.0,0.035685960475656246,-0.22746521476104054,58,57,0.1570819510223083,False
PREDICT_original_tf_Gabor_peak_position_F0.05_A0.0,27.0,25.0,2.0,1.4234724742891736,2026.5,0.03620684843934416,-0.22595281306715065,58,57,0.15796439186368733,False
PREDICT_original_tf_Gabor_peak_position_F0.2_A0.79,22.0,21.0,1.0,1.164246823956443,2021.5,0.03833258011246114,-0.22292800967937088,58,57,0.16433010430820297,False
PREDICT_original_logf_mean_sigma1,-0.0232584374634467,-0.0207176753316424,-0.002540762131804302,-0.004478742989883083,1282.0,0.038217112695951516,0.22444041137326076,58,57,0.16433010430820297,False
PREDICT_original_tf_Gabor_kurtosis_F0.2_A0.79,15.437310453974149,12.137230730280484,3.300079723693665,1.9225569614023712,2019.0,0.04089931322324815,-0.221415607985481,58,57,0.17233642238513963,False
PREDICT_original_tf_GLCMMS_dissimilarityd3.0A0.79std,0.25121692837251935,0.2144949497596211,0.03672197861289825,0.068730778926829,2019.0,0.04089931322324815,-0.221415607985481,58,57,0.17233642238513963,False
PREDICT_original_tf_Gabor_range_F0.5_A0.0,0.08009693833561404,0.1132350002011454,-0.03313806186553135,-0.05488248668119612,1289.0,0.04201600327942832,0.220205686630369,58,57,0.172615746806318,False
"PREDICT_original_vf_Frangi_full_median_SR(1.0, 10.0)_SS2.0",0.0,0.0,0.0,-1.4755221037925378e-11,1537.0,0.041816914770469685,0.07017543859649122,58,57,0.172615746806318,False
"PREDICT_original_vf_Frangi_edge_median_SR(1.0, 10.0)_SS2.0",0.0,0.0,0.0,-1.4755221037925378e-11,1537.0,0.041816914770469685,0.07017543859649122,58,57,0.172615746806318,False
PREDICT_original_tf_Gabor_max_F0.5_A0.79,0.0374832944912189,0.050918905899662,-0.013435611408443099,-0.015597328543263955,1292.0,0.043739353550794356,0.2183908045977011,58,57,0.1782107545499307,False
PREDICT_original_tf_Gabor_range_F0.2_A0.0,0.11667593327268436,0.1361430949879645,-0.01946716171528015,-0.03345209133090138,1293.0,0.044326910380943635,0.21778584392014522,58,57,0.17912431817873126,False
PREDICT_original_tf_GLCMMS_contrastd3.0A2.36mean,3.7653161569818367,3.110627505009679,0.6546886519721578,1.0310650744221896,2009.0,0.046744170732758876,-0.21536600120992144,58,57,0.18735671683943192,False
PREDICT_original_hf_median,1.5884706717409758,1.9378030003554336,-0.34933232861445784,-0.31206369758230057,1302.0,0.04992083914568455,0.21234119782214156,58,57,0.1984755943453426,False
PREDICT_original_tf_Gabor_max_F0.5_A2.36,0.03693027942504855,0.0543486679061446,-0.017418388481096052,-0.013356698806587686,1303.0,0.050577426654388864,0.21173623714458556,58,57,0.19947737072490968,False
PREDICT_original_tf_Gabor_quartile_range_F0.05_A0.79,0.032439699481637954,0.0466490088990704,-0.014209309417432446,-0.013077824906264558,1305.0,0.05191232000535356,0.21052631578947367,58,57,0.20311725208443893,False
PREDICT_original_tf_GLCM_energyd1.0A1.57,0.28376293911893813,0.3056120129359698,-0.02184907381703166,-0.03556736566399876,1308.0,0.05396983447674511,0.2087114337568058,58,57,0.2078681906018386,False
PREDICT_original_tf_GLCM_ASMd1.0A1.57,0.08054954186740546,0.0933987024507753,-0.01284916058336985,-0.024350596259918075,1308.0,0.05396983447674511,0.2087114337568058,58,57,0.2078681906018386,False
PREDICT_original_sf_convexity_avg_2.5D,0.7786953165035091,0.8791220537444631,-0.10042673724095397,-0.03207646203094383,1309.0,0.05467062135644504,0.2081064730792499,58,57,0.20893501030021244,False
PREDICT_original_tf_GLCMMS_contrastd1.0A0.79mean,3.403380047925721,2.3278347505034342,1.0755452974222868,0.6323502405376002,1995.0,0.05609497355421714,-0.2068965517241379,58,57,0.2111055111620538,False
PREDICT_original_tf_GLCM_contrastd1.0A1.57,3.4033800479257206,2.327834750503435,1.0755452974222854,0.6323502405375998,1995.0,0.05609497355421714,-0.2068965517241379,58,57,0.2111055111620538,False
PREDICT_original_tf_Gabor_median_F0.2_A0.79,-0.00402799026277675,-0.001310914508443,-0.00271707575433375,-0.001845998383638196,1314.0,0.05828934181514533,0.20508166969147001,58,57,0.21770185996111097,False
PREDICT_original_phasef_phasecong_mean_WL3_N5,0.035051848857777096,0.0406315370482234,-0.005579688190446304,-0.008751153304047285,1317.0,0.060554556486909196,0.20326678765880213,58,57,0.22446162667703934,False
PREDICT_original_tf_Gabor_kurtosis_F0.5_A0.79,49.090745628944674,35.28352680403153,13.807218824913143,16.846644609064455,1985.0,0.06368786517986483,-0.20084694494857835,58,57,0.23257864839758047,False
PREDICT_original_tf_Gabor_quartile_range_F0.2_A0.0,0.01428435905602645,0.0171368349047742,-0.0028524758487477493,-0.006039654980105558,1321.0,0.06368786517986483,0.20084694494857835,58,57,0.23257864839758047,False
PREDICT_original_hf_mean,1.5412670643208985,1.9268339640061865,-0.3855668996852879,-0.2973510782020783,1325.0,0.06695391015053954,0.19842710223835447,58,57,0.240936333607416,False
PREDICT_original_logf_median_sigma10,-0.02278051376342775,-0.029612627029419,0.006832113265991251,0.005918610519845012,1981.0,0.06695391015053954,-0.19842710223835458,58,57,0.240936333607416,False
PREDICT_original_logf_peak_position_sigma1,24.5,26.0,-1.5,-0.8602540834845733,1328.0,0.06794902221532893,0.19661222020568658,58,57,0.2409990500155192,False
PREDICT_original_tf_Gabor_range_F0.5_A2.36,0.049609282795281,0.0791991075449668,-0.0295898247496858,-0.017388251654921028,1326.0,0.06779162014107933,0.19782214156079858,58,57,0.2409990500155192,False
PREDICT_original_tf_LBP_mean_R8_P24,19.733453675365922,19.225433483115214,0.5080201922507079,0.7329974855494363,1977.0,0.07035661056095822,-0.19600725952813058,58,57,0.24775577861823148,False
PREDICT_original_tf_GLCMMS_homogeneityd3.0A2.36std,0.06922339988600659,0.0573666963264422,0.011856703559564391,0.008696688993969567,1976.0,0.07122909973982829,-0.1954022988505748,58,57,0.2490492636293287,False
PREDICT_original_tf_GLCM_correlationd1.0A1.57,0.9248697294313467,0.9482035657774824,-0.023333836346135728,-0.026214365040555188,1332.0,0.07300068748131616,0.1941923774954628,58,57,0.2530045526400021,False
PREDICT_original_tf_Gabor_peak_F0.5_A2.36,-0.0016909882172466,0.0002874402383575,-0.0019784284556041,-0.001206765207427907,1333.0,0.07389990989890528,0.1935874168179068,58,57,0.2530045526400021,False
PREDICT_original_tf_LBP_skewness_R8_P24,-1.4319106380237367,-1.2139040214338517,-0.21800661658988507,-0.21128120766704872,1333.0,0.07389990989890528,0.1935874168179068,58,57,0.2530045526400021,False
PREDICT_original_tf_GLCMMS_dissimilarityd3.0A2.36std,0.42373544801535246,0.3325281879551847,0.09120726006016777,0.07462612950759723,1969.0,0.07758777094599492,-0.19116757410768304,58,57,0.26379842121638275,False
PREDICT_original_tf_LBP_median_R8_P24,24.5,24.5,0.0,1.1857229280096817,1831.5,0.07954080961600087,-0.10798548094373861,58,57,0.26675931388223423,False
PREDICT_original_tf_Gabor_peak_F0.2_A0.79,-0.0046767700407265005,-0.0030885624659154,-0.0015882075748111005,-0.001824887568606879,1339.0,0.07948715446121504,0.18995765275257104,58,57,0.26675931388223423,False
PREDICT_original_tf_Gabor_peak_F0.05_A0.0,-0.00336503163983835,-0.001424996496928,-0.00194003514291035,-0.010266795034641575,1340.0,0.080450927271822,0.18935269207501515,58,57,0.26798856179059627,False
PREDICT_original_logf_quartile_range_sigma1,0.01759395253611725,0.0233976263552904,-0.005803673819173148,-0.0052220359921454455,1342.0,0.08240694644865443,0.18814277071990315,58,57,0.27266191006165524,False
PREDICT_original_tf_Gabor_kurtosis_F0.5_A2.36,49.59853997752731,35.098860641437604,14.499679336089706,18.112010827082884,1962.0,0.08440134579836693,-0.18693284936479126,58,57,0.27374910183286116,False
PREDICT_original_phasef_phasesym_energy_WL3_N5,3901.6329430534715,3256.875792051316,644.7571510021558,3844.710917383147,1963.0,0.0833993174408277,-0.18753781004234726,58,57,0.27374910183286116,False
PREDICT_original_tf_Gabor_std_F0.05_A0.79,0.039991497543787155,0.0492204564174829,-0.009228958873695743,-0.00716195502344634,1344.0,0.08440134579836693,0.18693284936479126,58,57,0.27374910183286116,False
"PREDICT_original_vf_Frangi_inner_max_SR(1.0, 10.0)_SS2.0",3.197125511186768e-09,2.389924173000547e-09,8.072013381862213e-10,-2.320974263711443e-06,1960.0,0.08643462389326222,-0.18572292800967927,58,57,0.27641498164845496,False
PREDICT_original_tf_GLCM_ASMd1.0A0.0,0.08016932692629189,0.0915305524947287,-0.011361225568436814,-0.02181872198438739,1347.0,0.08746599824981537,0.18511796733212338,58,57,0.27641498164845496,False
PREDICT_original_tf_GLCM_energyd1.0A0.0,0.28314188479599756,0.3025401667460516,-0.019398281950054053,-0.031283102031274934,1347.0,0.08746599824981537,0.18511796733212338,58,57,0.27641498164845496,False
"PREDICT_original_vf_Frangi_inner_range_SR(1.0, 10.0)_SS2.0",3.197125511186768e-09,2.389924173000547e-09,8.072013381862213e-10,-2.320974264699728e-06,1960.0,0.08643462389326222,-0.18572292800967927,58,57,0.27641498164845496,False
PREDICT_original_tf_Gabor_peak_position_F0.2_A1.57,25.0,24.0,1.0,0.7831215970961907,1948.0,0.09485957338220943,-0.17846339987900794,58,57,0.28547852606596236,False
PREDICT_original_of_theta_z,0.0055529968513860495,-0.1520870781053996,0.15764007495678564,0.6701922806154088,1954.0,0.0927727136103655,-0.18209316394434372,58,57,0.28547852606596236,False
PREDICT_original_tf_GLCM_ASMd1.0A2.36,0.0714093061188463,0.0828027440520146,-0.011393437933168299,-0.021611288202683113,1354.0,0.09496648737285564,0.18088324258923172,58,57,0.28547852606596236,False
PREDICT_original_tf_GLCM_energyd3.0A1.57,0.23443179587201865,0.2679706379455575,-0.03353884207353883,-0.032774225128600176,1352.0,0.0927727136103655,0.1820931639443436,58,57,0.28547852606596236,False
PREDICT_original_sf_area_min_2.5D,265.3211210300087,165.79860320521735,99.52251782479138,256.99574999965625,1954.5,0.09223003332042214,-0.1823956442831216,58,57,0.28547852606596236,False
PREDICT_original_tf_Gabor_std_F0.05_A0.0,0.050740983668992753,0.0564284790329653,-0.005687495363972547,-0.011053780356855988,1353.0,0.09386446070877202,0.1814882032667876,58,57,0.28547852606596236,False
PREDICT_original_tf_GLCM_ASMd3.0A1.57,0.05498253972037245,0.071808262800949,-0.016825723080576546,-0.021082108351899373,1352.0,0.0927727136103655,0.1820931639443436,58,57,0.28547852606596236,False
PREDICT_original_tf_GLCM_energyd1.0A2.36,0.26722372939991273,0.2877546594792421,-0.02053093007932938,-0.031676667263568825,1354.0,0.09496648737285564,0.18088324258923172,58,57,0.28547852606596236,False
PREDICT_original_tf_Gabor_range_F0.5_A0.79,0.05433166166486135,0.0733193512008076,-0.018987689535946248,-0.01848066569458487,1356.0,0.0972016272562181,0.17967332123411983,58,57,0.2904266802261547,False
PREDICT_original_sf_prax_avg_2.5D,0.3836610558339594,0.3229812964199665,0.060679759413992895,0.05393930457323792,1948.0,0.0994786282520655,-0.17846339987900794,58,57,0.2954395405317367,False
PREDICT_original_phasef_phasecong_kurtosis_WL3_N5,15.181323582729647,12.89044598106404,2.2908776016656063,3.3438282764530527,1947.0,0.1006329810007355,-0.17785843920145195,58,57,0.2970782013973809,False
PREDICT_original_hf_peak,1.6327568663881677,1.9754228045077016,-0.34266593811953383,-0.2936573887797602,1361.0,0.10297369886025357,0.17664851784633995,58,57,0.30217877106014884,False
PREDICT_original_tf_LBP_kurtosis_R8_P24,0.45543186516051115,-0.0530826768210679,0.5085145419815791,0.3724175737568046,1944.0,0.10416018680684326,-0.17604355716878395,58,57,0.3038519058921522,False
PREDICT_original_logf_quartile_range_sigma5,0.03767352178692815,0.0594776016660034,-0.021804079879075254,-0.017099864923215663,1365.0,0.1077849013129873,0.17422867513611617,58,57,0.3106615078669522,False
PREDICT_original_tf_Gabor_max_F0.05_A0.79,0.12439350106494645,0.1423758614297745,-0.01798236036482803,-0.021967414261389373,1366.0,0.10901509302430575,0.17362371445856017,58,57,0.3106615078669522,False
PREDICT_original_tf_Gabor_median_F0.05_A2.36,0.00015246707148790125,0.0013899213417353,-0.0012374542702473987,-0.0034399926693604354,1365.0,0.1077849013129873,0.17422867513611617,58,57,0.3106615078669522,False
PREDICT_original_tf_Gabor_median_F0.5_A2.36,-0.0014885157537204998,0.0002874402383575,-0.0017759559920779997,-0.0010949039305190892,1366.0,0.10901509302430575,0.17362371445856017,58,57,0.3106615078669522,False
PREDICT_original_tf_Gabor_peak_position_F0.2_A0.0,24.0,23.0,1.0,0.9612825166364196,1936.0,0.11171143244076409,-0.1712038717483364,58,57,0.3165157252488316,False
PREDICT_original_tf_GLCM_ASMd1.0A0.79,0.07130486433192376,0.0826448909593396,-0.011340026627415845,-0.02025668948645447,1370.0,0.1140472456728029,0.1712038717483364,58,57,0.3194618870266581,False
PREDICT_original_tf_GLCM_energyd1.0A0.79,0.2670259094259161,0.2874802444679281,-0.020454335042011995,-0.02964907663896299,1370.0,0.1140472456728029,0.1712038717483364,58,57,0.3194618870266581,False
PREDICT_original_tf_LBP_quartile_range_R8_P24,9.0,12.0,-3.0,-1.5148215366001203,1373.5,0.11678081579922502,0.16908650937689051,58,57,0.32527085982496007,False
PREDICT_original_tf_Gabor_skewness_F0.5_A0.0,4.301343640067696,3.787061740765505,0.5142818993021909,0.998489842951487,1933.0,0.11794000207166062,-0.1693889897156684,58,57,0.32665405068162184,False
PREDICT_original_tf_GLCMMS_contrastd3.0A0.79std,2.2177543500717,1.7844413115980169,0.43331303847368297,0.6121175344298173,1932.0,0.11926050519336419,-0.16878402903811263,58,57,0.32846608413591366,False
PREDICT_original_tf_Gabor_kurtosis_F0.2_A2.36,13.868736617014696,12.159887546102754,1.708849070911942,3.6826443750545277,1931.0,0.12059256618012092,-0.16817906836055663,58,57,0.3302896395933312,False
PREDICT_original_tf_GLCMMS_correlationd1.0A0.79mean,0.8959516841568742,0.9154544973591054,-0.01950281320223124,-0.03364763144635907,1377.0,0.12329159799800905,0.16696914700544463,58,57,0.3358163415083893,False
PREDICT_original_tf_GLCMMS_homogeneityd3.0A0.0mean,0.04177589817903935,0.0336115763400433,0.008164321838996048,0.008257921234054104,1926.0,0.1274283004804869,-0.16515426497277685,58,57,0.34517666009274744,False
PREDICT_original_tf_GLCMMS_homogeneityd3.0A0.0std,0.0523460617213576,0.0465947002012574,0.0057513615201001955,0.009032628453124789,1925.0,0.1288309423205217,-0.16454930429522086,58,57,0.34706915062304483,False
PREDICT_original_logf_std_sigma10,0.3115438072566153,0.3347071669798284,-0.023163359723213095,-0.019650224628543933,1383.0,0.13167218418338617,0.16333938294010886,58,57,0.35279558044787707,False
PREDICT_original_tf_Gabor_std_F0.5_A0.79,0.01626344262445075,0.0187878030469742,-0.00252436042252345,-0.0038625976213988583,1384.0,0.13311089885196264,0.16273442226255297,58,57,0.3528154469570838,False
PREDICT_original_tf_Gabor_max_F0.2_A0.79,0.0675013614705086,0.082156380432147,-0.0146550189616384,-0.015493320696267757,1384.0,0.13311089885196264,0.16273442226255297,58,57,0.3528154469570838,False
PREDICT_original_phasef_phasecong_skewness_WL3_N5,3.671000803552474,3.5413788287278813,0.1296219748245928,0.3528943305551242,1921.0,0.13456175198929607,-0.16212946158499708,58,57,0.3547537097899624,False
PREDICT_original_tf_Gabor_range_F0.05_A0.79,0.1879396949449296,0.2168139039420808,-0.028874208997151207,-0.02418579341182145,1389.0,0.1404876774560656,0.15970961887477308,58,57,0.36840651588212947,False
PREDICT_original_tf_Gabor_median_F0.5_A0.79,-0.0012486116272720999,0.0004791628547821,-0.0017277744820542,-0.0008177238455390711,1391.0,0.14352492926597976,0.1584996975196612,58,57,0.3743798419477673,False
PREDICT_original_tf_Gabor_min_F0.5_A0.0,-0.02711036050204125,-0.0341548695137685,0.0070445090117272485,0.013631815938634495,1914.0,0.1450623205646484,-0.1578947368421053,58,57,0.37639854757037716,False
PREDICT_original_tf_Gabor_peak_F0.05_A1.57,-0.00307937834349895,-0.0021778997278441,-0.0009014786156548498,-0.004810936937535255,1393.0,0.14661229481869897,0.1572897761645493,58,57,0.3784285934325581,False
PREDICT_original_logf_quartile_range_sigma10,0.09262066002702335,0.1451441957615316,-0.05252353573450824,-0.027264949644858094,1396.0,0.15133825444214596,0.15547489413188142,58,57,0.3885924970832185,False
PREDICT_original_tf_Gabor_skewness_F0.05_A0.0,0.2403662587169631,0.3655311672083457,-0.12516490849138262,-0.2493759773342248,1399.0,0.1561793862992691,0.15366001209921354,58,57,0.39688885281206016,False
PREDICT_original_tf_Gabor_kurtosis_F0.05_A1.57,4.557184294961024,3.1271865225434476,1.4299977724175763,0.6921286808845144,1907.0,0.1561793862992691,-0.15366001209921354,58,57,0.39688885281206016,False
PREDICT_original_tf_Gabor_range_F0.05_A0.0,0.23451833910475856,0.2603794082843323,-0.02586106917957376,-0.04417631227164476,1401.0,0.15947148992471882,0.15245009074410165,58,57,0.39908347478622525,False
PREDICT_original_tf_Gabor_quartile_range_F0.05_A2.36,0.0348219151697222,0.0450695012122417,-0.010247586042519498,-0.002086715402063309,1401.0,0.15947148992471882,0.15245009074410165,58,57,0.39908347478622525,False
PREDICT_original_tf_Gabor_std_F0.2_A0.0,0.02652248136785105,0.0297747124416078,-0.003252231073756752,-0.00586718230871542,1401.0,0.15947148992471882,0.15245009074410165,58,57,0.39908347478622525,False
PREDICT_original_tf_LBP_quartile_range_R15_P36,0.0,5.0,-5.0,-3.273442226255293,1417.0,0.16118634418560462,0.14277071990320633,58,57,0.4013377155732479,False
PREDICT_original_tf_GLCM_correlationd3.0A1.57,0.8071519078381821,0.8458181272700926,-0.03866621943191051,-0.026204984757399963,1403.0,0.16281581868572392,0.15124016938898976,58,57,0.4033577819701603,False
PREDICT_original_sf_roughness_std_2.5D,12.849279227102834,10.467154180413804,2.38212504668903,-1.1526845163381463,1898.0,0.17140775500786787,-0.14821536600121,58,57,0.4225201160943943,False
PREDICT_original_tf_GLCM_dissimilarityd1.0A1.57,0.6381322148014362,0.5228195579379669,0.11531265686346936,0.04156520391056151,1897.0,0.17316615374039357,-0.147610405323654,58,57,0.42262828610898034,False
PREDICT_original_tf_GLCMMS_dissimilarityd1.0A0.79mean,0.6381322148014362,0.5228195579379666,0.11531265686346959,0.04156520391056162,1897.0,0.17316615374039357,-0.147610405323654,58,57,0.42262828610898034,False
PREDICT_original_tf_Gabor_skewness_F0.05_A0.79,1.0535015274528654,0.8588879764851403,0.19461355096772515,0.24150068596571828,1896.0,0.17493800150951344,-0.147005444646098,58,57,0.4248494322373898,False
PREDICT_original_tf_GLCM_energyd3.0A2.36,0.2416319310528354,0.2574752121561879,-0.015843281103352508,-0.02775620479878238,1411.0,0.17672334531355605,0.146400483968542,58,57,0.424998093851625,False
PREDICT_original_tf_GLCM_ASMd3.0A2.36,0.0583866074062335,0.0662934848748739,-0.007906877468640397,-0.01862405551387572,1411.0,0.17672334531355605,0.146400483968542,58,57,0.424998093851625,False
PREDICT_original_tf_Gabor_max_F0.2_A2.36,0.0747564710801194,0.0856058814885519,-0.0108494104084325,-0.004290530076572527,1412.0,0.17852223166102155,0.1457955232909861,58,57,0.4272400981013768,False
PREDICT_original_tf_Gabor_mean_F0.05_A1.57,0.004132468951815699,0.006533773418368,-0.0024013044665523,-0.004958005567308797,1413.0,0.18033470656247452,0.1451905626134301,58,57,0.4294928035521736,False
PREDICT_original_tf_Gabor_std_F0.5_A2.36,0.01618938052576925,0.017972223916636,-0.001782843390866748,-0.003120275374759063,1419.0,0.19149742741509823,0.14156079854809434,58,57,0.4538857294021319,False
PREDICT_original_hf_peak_position,30.0,30.0,0.0,-2.593163944343619,1422.5,0.1978417839323322,0.13944343617664856,58,57,0.4557756984983167,False
PREDICT_original_tf_GLCM_contrastd3.0A1.57,8.640897175218026,6.98335740648159,1.6575397687364353,0.5221648571169943,1884.0,0.19726580044623765,-0.13974591651542645,58,57,0.4557756984983167,False
PREDICT_original_logf_peak_position_sigma5,28.0,29.0,-1.0,-0.8596491228070171,1422.5,0.1960959364778827,0.13944343617664856,58,57,0.4557756984983167,False
PREDICT_original_tf_Gabor_quartile_range_F0.2_A2.36,0.01596572150678465,0.0173595903826033,-0.0013938688758186497,-0.0021570205057678572,1421.0,0.19532904425138897,0.14035087719298245,58,57,0.4557756984983167,False
PREDICT_original_tf_GLCMMS_contrastd1.0A2.36mean,8.640897175218027,6.983357406481591,1.6575397687364362,0.5221648571169943,1884.0,0.19726580044623765,-0.13974591651542645,58,57,0.4557756984983167,False
PREDICT_original_logf_kurtosis_sigma1,17.844685314045506,14.078462039457309,3.7662232745881976,-0.6017681258312351,1886.0,0.19340626696267704,-0.14095583787053845,58,57,0.4557756984983167,False
PREDICT_original_tf_LBP_min_R15_P36,0.0,0.0,0.0,0.24682395644283117,1836.5,0.2015933579378174,-0.11101028433151838,58,57,0.4601181734414073,False
PREDICT_original_tf_LBP_range_R15_P36,37.0,37.0,0.0,-0.24682395644283162,1469.5,0.2015933579378174,0.1110102843315185,58,57,0.4601181734414073,False
PREDICT_original_tf_Gabor_median_F0.05_A1.57,0.00143759435025085,0.0027878530542892,-0.0013502587040383502,-0.004283515765365906,1427.0,0.2071606648286466,0.13672111312764668,58,57,0.4706461187120865,False
PREDICT_original_tf_Gabor_skewness_F0.2_A0.0,1.1938416532549296,1.58915803010692,-0.3953163768519903,-0.23575822749079212,1429.0,0.21121783749353962,0.1355111917725348,58,57,0.47331997220143196,False
PREDICT_original_tf_GLCM_energyd3.0A0.79,0.24278671299558968,0.2602968232212261,-0.01751011022563642,-0.024674802079054703,1429.0,0.21121783749353962,0.1355111917725348,58,57,0.47331997220143196,False
PREDICT_original_tf_GLCM_ASMd3.0A0.79,0.05894542984734935,0.0677544361790622,-0.008809006331712846,-0.016600479394691836,1429.0,0.21121783749353962,0.1355111917725348,58,57,0.47331997220143196,False
PREDICT_original_tf_GLCM_contrastd1.0A2.36,4.823634647086346,3.738435928336452,1.0851987187498935,0.42206497036569246,1874.0,0.21741083445495202,-0.1336963097398669,58,57,0.4784979526173721,False
PREDICT_original_tf_GLCMMS_contrastd1.0A0.79std,4.823634647086346,3.738435928336452,1.0851987187498935,0.42206497036569246,1874.0,0.21741083445495202,-0.1336963097398669,58,57,0.4784979526173721,False
PREDICT_original_tf_Gabor_skewness_F0.5_A2.36,4.288429488514828,3.569272530015674,0.7191569584991546,0.4843438599486882,1874.0,0.21741083445495202,-0.1336963097398669,58,57,0.4784979526173721,False
PREDICT_original_of_theta_y,0.8499994813324342,0.6706849867484062,0.17931449458402804,0.13144608800448532,1874.0,0.21741083445495202,-0.1336963097398669,58,57,0.4784979526173721,False
PREDICT_original_tf_GLCMMS_homogeneityd3.0A1.57std,0.06960643176792665,0.0592158123777508,0.010390619390175847,0.006865973354409791,1872.0,0.2216113995722121,-0.1324863883847549,58,57,0.48557519995155807,False
PREDICT_original_hf_energy,262448.01655888255,178576.16179820808,83871.85476067447,227540.2097349054,1867.0,0.23236638974075596,-0.12946158499697513,58,57,0.5046547583356507,False
PREDICT_original_tf_Gabor_max_F0.5_A1.57,0.06542570122860909,0.0752136902639646,-0.009787989035355507,-0.020282145999710427,1439.0,0.23236638974075596,0.12946158499697524,58,57,0.5046547583356507,False
PREDICT_original_tf_GLCMMS_correlationd1.0A2.36mean,0.736615221560438,0.7758567023400816,-0.03924148077964362,-0.034533726610011306,1440.0,0.23456110715349654,0.12885662431941924,58,57,0.5071869553801482,False
PREDICT_original_tf_LBP_mean_R3_P12,7.841528339393772,7.7712088974854945,0.07031944190827755,0.1662529051441366,1865.0,0.23677046660336087,-0.12825166364186336,58,57,0.5097285591067987,False
PREDICT_original_tf_Gabor_range_F0.2_A0.79,0.11312873799706515,0.1287975263627906,-0.015668788365725453,-0.01806810538449355,1443.0,0.2412332232440466,0.12704174228675136,58,57,0.5170781698231086,False
PREDICT_original_tf_GLCMMS_contrastd3.0A2.36std,3.788826333742056,3.1297909626678315,0.6590353710742245,0.7631856504499854,1861.0,0.24575487553142294,-0.12583182093163936,58,57,0.5244898425843788,False
PREDICT_original_tf_Gabor_std_F0.5_A0.0,0.0250698771841013,0.0297817245226771,-0.0047118473385757975,-0.008525112508238637,1446.0,0.2480378517293108,0.12522686025408347,58,57,0.5248182871354087,False
PREDICT_original_tf_GLCMMS_correlationd3.0A0.79mean,0.06734548334058704,0.0571149883435163,0.010230494997070745,0.009830550241447147,1860.0,0.2480378517293108,-0.12522686025408358,58,57,0.5248182871354087,False
PREDICT_original_tf_LBP_std_R8_P24,8.012897573975277,8.086722393769662,-0.07382481979438538,-0.18084494422397235,1447.0,0.25033562734348636,0.12462189957652747,58,57,0.5274165140185417,False
PREDICT_original_tf_Gabor_skewness_F0.2_A0.79,1.721537565881571,1.9743963950019687,-0.2528588291203977,-0.29693015865110484,1448.0,0.2526482259466879,0.12401693889897158,58,57,0.5300237250711367,False
PREDICT_original_tf_Gabor_kurtosis_F0.5_A1.57,52.33507088021196,36.90361452596637,15.43145635424559,10.70378180974619,1857.0,0.25497567033309276,-0.12341197822141559,58,57,0.5320999624513301,False
PREDICT_original_logf_kurtosis_sigma10,4.6291457411350425,3.571069425918621,1.0580763152164216,0.12735019437760098,1856.0,0.2573179825111599,-0.12280701754385959,58,57,0.5320999624513301,False
PREDICT_original_tf_Gabor_median_F0.5_A1.57,-0.00257525120702745,-0.0008718175949076,-0.00170343361211985,-0.0012208011484305893,1450.0,0.2573179825111599,0.1228070175438597,58,57,0.5320999624513301,False
PREDICT_original_phasef_monogenic_min_WL3_N5,3.0,3.0,0.0,0.16452510586811897,1851.5,0.2579551542106854,-0.12008469449485792,58,57,0.5320999624513301,False
PREDICT_original_sf_cvar_avg_2.5D,0.066423226813359,0.0880203275777751,-0.021597100764416108,-0.013210021727376467,1452.0,0.262047294304955,0.1215970961887477,58,57,0.5382888170514284,False
PREDICT_original_tf_Gabor_skewness_F0.2_A1.57,0.9711150248365529,1.5352017298510547,-0.5640867050145019,-0.26290687211471897,1453.0,0.26443433394534543,0.12099213551119181,58,57,0.5409382847927605,False
PREDICT_original_tf_Gabor_std_F0.2_A0.79,0.02533423424252,0.0302878448028818,-0.004953610560361799,-0.0037187781429442075,1454.0,0.2668363214127911,0.12038717483363581,58,57,0.5435963076715125,False
PREDICT_original_tf_Gabor_quartile_range_F0.2_A0.79,0.01558368276529725,0.0163347042610673,-0.000751021495770051,-0.004200267202567824,1455.0,0.2692532746817037,0.11978221415607981,58,57,0.5462628165353083,False
PREDICT_original_tf_Gabor_range_F0.2_A2.36,0.1232319046000854,0.1343258502335433,-0.011093945633457891,-0.0035967306406392563,1457.0,0.274132146377312,0.11857229280096793,58,57,0.5520683790204876,False
PREDICT_original_tf_GLCM_energyd3.0A0.0,0.2437345985910718,0.2578180246608246,-0.014083426069752797,-0.023359088525482463,1458.0,0.2765940965883579,0.11796733212341193,58,57,0.5520683790204876,False
PREDICT_original_tf_GLCM_ASMd3.0A0.0,0.0594065814342342,0.0664701338400095,-0.007063552405775296,-0.01614087941686046,1458.0,0.2765940965883579,0.11796733212341193,58,57,0.5520683790204876,False
PREDICT_original_tf_GLCM_correlationd1.0A2.36,0.8967346747244083,0.9080784898826166,-0.01134381515820837,-0.021912440161986013,1458.0,0.2765940965883579,0.11796733212341193,58,57,0.5520683790204876,False
PREDICT_original_tf_Gabor_std_F0.05_A2.36,0.0468226974688892,0.05158568200418,-0.004762984535290796,-0.0011294968075168527,1459.0,0.2790710761562465,0.11736237144585604,58,57,0.5525383154418857,False
PREDICT_original_hf_skewness,-0.6091393729621627,-0.7012940837156162,0.0921547107534535,0.26778561141502855,1847.0,0.2790710761562465,-0.11736237144585604,58,57,0.5525383154418857,False
PREDICT_original_tf_Gabor_range_F0.5_A1.57,0.09653406220665176,0.1128883131774415,-0.01635425097078974,-0.02801875164518941,1460.0,0.2815630988509451,0.11675741076830004,58,57,0.5552424309340637,False
PREDICT_original_tf_Gabor_skewness_F0.5_A0.79,3.8224177829722197,3.447624059715019,0.37479372325720073,0.4792983186004709,1845.0,0.284070177581776,-0.11615245009074404,58,57,0.5579545719036477,False
PREDICT_original_phasef_monogenic_max_WL3_N5,176.0,176.0,0.0,-0.2742891712038329,1468.0,0.29115549410532715,0.11191772534785238,58,57,0.5683761263152838,False
PREDICT_original_tf_Gabor_min_F0.5_A2.36,-0.0158939895457786,-0.0212657577477484,0.005371768201969801,0.004031552848333335,1842.0,0.29168186604009494,-0.11433756805807627,58,57,0.5683761263152838,False
PREDICT_original_logf_max_sigma10,0.6093364930152887,0.6209314966201788,-0.011595003604890075,-0.03153724899074917,1466.0,0.2968318025549421,0.11312764670296427,58,57,0.5761341679511278,False
"PREDICT_original_vf_Frangi_inner_mean_SR(1.0, 10.0)_SS2.0",3.453887122651328e-10,2.881463144444128e-10,5.724239782072003e-11,-2.4335686274213695e-07,1839.0,0.2994294396011239,-0.11252268602540827,58,57,0.5788969165621728,False
PREDICT_original_phasef_monogenic_range_WL3_N5,172.5,172.0,0.5,-0.4388142770719412,1469.0,0.30082356056565096,0.11131276467029638,58,57,0.57932037249557,False
PREDICT_original_tf_Gabor_min_F0.5_A0.79,-0.016277725090617652,-0.0214883373258282,0.005210612235210549,0.0028833371513209242,1837.0,0.3046700848092011,-0.1113127646702965,58,57,0.5844449486806854,False
PREDICT_original_tf_Gabor_std_F0.2_A2.36,0.02744570420431985,0.0290537891005145,-0.001608084896194649,-0.0008861685059454796,1470.0,0.30731310365280273,0.1107078039927405,58,57,0.5872300779102005,False
PREDICT_original_tf_GLCMMS_correlationd1.0A0.79std,0.8467075718330126,0.8685199558531589,-0.02181238402014629,-0.02724589557824786,1471.0,0.3099712589117277,0.1101028433151845,58,57,0.5900225121369953,False
PREDICT_original_tf_Gabor_peak_position_F0.2_A2.36,21.5,21.0,0.5,0.4319419237749571,1833.5,0.31183813097703506,-0.10919540229885061,58,57,0.5912930714295318,False
PREDICT_original_tf_GLCMMS_contrastd3.0A0.0std,2.0306683537576133,1.7015249188926933,0.32914343486492004,0.19794286284944995,1833.0,0.31533298987880753,-0.1088929219600725,58,57,0.5933555878253898,False
PREDICT_original_tf_Gabor_min_F0.2_A0.0,-0.04323811767495155,-0.0465684842939439,0.0033303666189923448,0.007436851663872049,1833.0,0.31533298987880753,-0.1088929219600725,58,57,0.5933555878253898,False
PREDICT_original_tf_GLCMMS_dissimilarityd1.0A2.36mean,1.3664393166744935,1.140154779280825,0.22628453739366838,0.026400539959038127,1831.0,0.3207552907554718,-0.10768300060496072,58,57,0.5958974306529693,False
PREDICT_original_tf_GLCM_dissimilarityd3.0A1.57,1.366439316674493,1.1401547792808249,0.22628453739366816,0.026400539959038127,1831.0,0.3207552907554718,-0.10768300060496072,58,57,0.5958974306529693,False
PREDICT_original_tf_LBP_peak_position_R15_P36,49.0,49.0,0.0,0.8596491228070207,1682.0,0.3215186948350707,-0.01754385964912286,58,57,0.5958974306529693,False
PREDICT_original_tf_LBP_peak_R15_P36,36.26,36.26,0.0,0.6361403508771986,1682.0,0.3215186948350707,-0.01754385964912286,58,57,0.5958974306529693,False
"PREDICT_original_vf_Frangi_inner_min_SR(1.0, 10.0)_SS2.0",0.0,0.0,0.0,9.882855279266842e-16,1681.5,0.33008143218309116,-0.01724137931034475,58,57,0.6094762024953706,False
PREDICT_original_logf_skewness_sigma10,-1.1657844691711083,-0.9442585671202136,-0.22152590205089473,-0.06384456452484333,1481.0,0.33738551579293563,0.10405323653962495,58,57,0.6183310754123318,False
PREDICT_original_tf_Gabor_min_F0.05_A0.79,-0.065136990832434,-0.0675362064849106,0.0023992156524765967,0.0022183791504320205,1825.0,0.33738551579293563,-0.10405323653962495,58,57,0.6183310754123318,False
PREDICT_original_sf_rad_dist_std_2.5D,12.008789018486317,11.133306456929354,0.8754825615569626,0.9093883819784736,1823.0,0.3430499222698167,-0.10284331518451295,58,57,0.626383746959332,False
PREDICT_original_tf_Gabor_skewness_F0.05_A2.36,0.8844630819418604,0.8342939823589011,0.05016909958295934,0.1847603022826041,1820.0,0.35165976765656604,-0.10102843315184518,58,57,0.6373833288775259,False
PREDICT_original_tf_Gabor_quartile_range_F0.5_A0.79,0.00582886053566245,0.0071034144046149,-0.0012745538689524502,-0.0017321324479939778,1486.0,0.35165976765656604,0.10102843315184518,58,57,0.6373833288775259,False
PREDICT_original_phasef_monogenic_skewness_WL3_N5,0.05188437397128989,-0.0071589268240981,0.05904330079538799,-0.007261611546391461,1818.0,0.3574750325770264,-0.09981851179673318,58,57,0.6455501504046668,False
"PREDICT_original_vf_Frangi_full_quartile_range_SR(1.0, 10.0)_SS2.0",4.908299717158792e-10,3.725525657852982e-10,1.1827740593058098e-10,-3.993922257744573e-07,1816.0,0.36334668665153946,-0.0986085904416214,58,57,0.6513815146153054,False
"PREDICT_original_vf_Frangi_edge_quartile_range_SR(1.0, 10.0)_SS2.0",4.908299717158792e-10,3.725525657852982e-10,1.1827740593058098e-10,-3.993922257744573e-07,1816.0,0.36334668665153946,-0.0986085904416214,58,57,0.6513815146153054,False
"PREDICT_original_vf_Frangi_edge_mean_SR(1.0, 10.0)_SS2.0",5.524857448644245e-10,4.278149157103553e-10,1.246708291540692e-10,-5.420638798883398e-07,1814.0,0.369285968213227,-0.0973986690865094,58,57,0.6572490336791369,False
"PREDICT_original_vf_Frangi_full_mean_SR(1.0, 10.0)_SS2.0",5.524857448644245e-10,4.278149157103553e-10,1.246708291540692e-10,-5.420638798883398e-07,1814.0,0.369285968213227,-0.0973986690865094,58,57,0.6572490336791369,False
PREDICT_original_tf_LBP_median_R3_P12,8.84,7.800000000000001,1.0399999999999991,0.2621234119782212,1810.5,0.37303728365939115,-0.09528130671506352,58,57,0.6615373411657548,False
PREDICT_original_tf_Gabor_peak_F0.05_A2.36,-0.0034407080462699998,-0.0024065163038917,-0.0010341917423782997,-0.003447897737183836,1494.0,0.3752813820572467,0.0961887477313974,58,57,0.6631316177570703,False
PREDICT_original_phasef_monogenic_mean_WL3_N5,87.13921799134886,88.5465619073422,-1.4073439159933372,0.16462025194056196,1495.0,0.378301511225129,0.09558378705384152,58,57,0.6637104805480022,False
PREDICT_original_tf_Gabor_min_F0.5_A1.57,-0.03201743008783395,-0.0385139977140013,0.006496567626167349,0.0077366056454789695,1811.0,0.378301511225129,-0.09558378705384141,58,57,0.6637104805480022,False
PREDICT_original_tf_GLCMMS_correlationd3.0A0.79std,0.08756934691223714,0.0774115707450911,0.01015777616714604,0.006554398386028462,1810.0,0.381336561325448,-0.09497882637628563,58,57,0.6643071545351444,False
PREDICT_original_tf_Gabor_skewness_F0.2_A2.36,1.5247785433698224,1.8466305064655189,-0.3218519630956964,-0.10320473365071647,1496.0,0.381336561325448,0.09497882637628552,58,57,0.6643071545351444,False
PREDICT_original_tf_Gabor_peak_F0.5_A1.57,-0.00257525120702745,-0.0009172704004196,-0.00165798080660785,-0.000978282674514184,1497.0,0.38438651063757223,0.09437386569872963,58,57,0.6672624990997292,False
PREDICT_original_tf_GLCMMS_correlationd3.0A2.36mean,0.1149534210600593,0.1203112191256882,-0.005357798065628902,0.012561013315154232,1806.0,0.393625521001003,-0.09255898366606163,58,57,0.6809030942227876,False
PREDICT_original_phasef_monogenic_std_WL3_N5,51.33108583598156,51.684687066421525,-0.3536012304399634,-1.1351842825151977,1501.0,0.3967348290839573,0.09195402298850575,58,57,0.6814992011790625,False
PREDICT_original_tf_Gabor_peak_F0.5_A0.79,-0.0012486116272720999,-3.912517294139828e-05,-0.0012094864543307016,-0.00043814927296115887,1501.0,0.3967348290839573,0.09195402298850575,58,57,0.6814992011790625,False
"PREDICT_original_vf_Frangi_inner_quartile_range_SR(1.0, 10.0)_SS2.0",3.614720602380188e-10,2.68316351199932e-10,9.31557090380868e-11,-1.24343775384864e-07,1804.0,0.3998068421547408,-0.09134906231094986,58,57,0.6843915735496084,False
PREDICT_original_logf_std_sigma5,0.24204030942124324,0.2571813598728939,-0.015141050451650678,-0.00916005001871456,1505.0,0.40931952533660887,0.08953418027828186,58,57,0.6940740333521761,False
PREDICT_original_tf_GLCMMS_dissimilarityd3.0A0.0mean,0.1748254913243926,0.1748774847617436,-5.199343735101669e-05,0.035113375744698666,1801.0,0.40931952533660887,-0.08953418027828186,58,57,0.6940740333521761,False
PREDICT_original_tf_LBP_skewness_R3_P12,-0.3778416680380853,-0.3278149087393689,-0.05002675929871636,-0.07554699710063062,1506.0,0.41250241738780447,0.08892921960072597,58,57,0.6940740333521761,False
PREDICT_original_sf_roughness_avg_2.5D,16.425101398722948,15.825058872783949,0.6000425259389992,-1.526610668533607,1800.0,0.41250241738780447,-0.08892921960072586,58,57,0.6940740333521761,False
"PREDICT_original_vf_Frangi_inner_median_SR(1.0, 10.0)_SS2.0",0.0,0.0,0.0,1.1222630216982991e-12,1596.0,0.4121356927372618,0.03448275862068961,58,57,0.6940740333521761,False
PREDICT_original_tf_GLCMMS_energyd3.0A0.79mean,0.0680162191999811,0.0649810641138386,0.0030351550861425075,0.004639978602565348,1798.0,0.4189120410249789,-0.08771929824561409,58,57,0.7024613477051518,False
PREDICT_original_logf_kurtosis_sigma5,7.314063336018631,5.904677347624633,1.409385988393998,-2.889005266679657,1797.0,0.4221387049075739,-0.08711433756805809,58,57,0.7030891267548444,False
PREDICT_original_tf_Gabor_range_F0.05_A2.36,0.21719043473883987,0.2308059044056112,-0.013615469666771324,-0.003195535207154515,1509.0,0.4221387049075739,0.08711433756805809,58,57,0.7030891267548444,False
PREDICT_original_tf_GLCMMS_energyd3.0A2.36mean,0.07514441959788125,0.0674657411534346,0.007678678444446654,0.004750779338313832,1795.0,0.4286355595284519,-0.08590441621294609,58,57,0.7115061644697872,False
PREDICT_original_tf_GLCMMS_energyd3.0A2.36std,0.07462132468084964,0.0711628685308035,0.003458456150046141,0.005013604083983131,1794.0,0.4319056761459932,-0.08529945553539009,58,57,0.714528517919378,False
PREDICT_original_tf_Gabor_quartile_range_F0.5_A2.36,0.00624773756298425,0.0072421761483949,-0.00099443858541065,-0.0010980297674221592,1513.0,0.4351902011003538,0.0846944948578342,58,57,0.7151625638082479,False
PREDICT_original_tf_Gabor_max_F0.05_A2.36,0.1340149158730197,0.1501281018985483,-0.01611318602552861,-0.004786961327502115,1513.0,0.4351902011003538,0.0846944948578342,58,57,0.7151625638082479,False
PREDICT_original_sf_compactness_avg_2.5D,0.4865494559266227,0.5307223729776708,-0.04417291705104809,-0.025159436125500756,1514.0,0.4384890946483071,0.08408953418027831,58,57,0.7181897796066957,False
PREDICT_original_logf_mean_sigma10,-0.0358683045680495,-0.0384952532698322,0.0026269487017826984,0.0012664749184305851,1791.0,0.44180231597159614,-0.08348457350272231,58,57,0.7212203369999898,False
PREDICT_original_tf_GLCMMS_dissimilarityd3.0A0.0std,0.24041631424033416,0.2330462717780162,0.007370042462317955,0.03561614120218898,1789.0,0.4484715732910626,-0.08227465214761032,58,57,0.7296913717244021,False
PREDICT_original_of_theta_x,0.5228891224546839,0.0244806501540453,0.49840847230063856,0.4437817984186517,1788.0,0.45182752226862133,-0.08166969147005454,58,57,0.732733448942205,False
PREDICT_original_tf_Gabor_peak_position_F0.05_A2.36,23.0,23.0,0.0,-0.8490623109497868,1520.0,0.4568048688435772,0.08045977011494254,58,57,0.7383763945569953,False
PREDICT_original_tf_GLCMMS_homogeneityd3.0A1.57mean,0.062490527676899,0.0581333293468915,0.0043571983300075,0.0037285428304789925,1786.0,0.4585818352314788,-0.08045977011494254,58,57,0.7388262900951602,False
PREDICT_original_tf_Gabor_min_F0.05_A1.57,-0.086166093035713,-0.0846214278063226,-0.0015446652293903962,-0.01292439000553959,1524.0,0.4722587897569265,0.07803992740471866,58,57,0.7414763800960661,False
PREDICT_original_tf_Gabor_quartile_range_F0.5_A1.57,0.0094697418433711,0.0102811967941692,-0.0008114549507980996,-0.003772224044580153,1524.0,0.4722587897569265,0.07803992740471866,58,57,0.7414763800960661,False
PREDICT_original_tf_GLCM_homogeneityd3.0A0.0,0.7028174411642574,0.6849310496310258,0.01788639153323157,0.02492450435088478,1782.0,0.4722587897569265,-0.07803992740471877,58,57,0.7414763800960661,False
PREDICT_original_phasef_monogenic_peak_position_WL3_N5,24.0,24.0,0.0,-2.316091954022987,1523.5,0.4700671211938128,0.07834240774349666,58,57,0.7414763800960661,False
PREDICT_original_phasef_monogenic_peak_WL3_N5,85.92,85.92,0.0,-8.291609195402302,1523.5,0.4700671211938128,0.07834240774349666,58,57,0.7414763800960661,False
PREDICT_original_tf_GLCMMS_homogeneityd1.0A1.57mean,0.7028174411642572,0.6849310496310257,0.01788639153323146,0.025473272413884085,1785.0,0.4619801057317364,-0.07985480943738654,58,57,0.7414763800960661,False
PREDICT_original_tf_GLCM_dissimilarityd1.0A2.36,0.8687268388259362,0.7682899183687893,0.1004369204571468,0.0002303573461535091,1783.0,0.46881863297123016,-0.07864488808227454,58,57,0.7414763800960661,False
PREDICT_original_tf_GLCMMS_dissimilarityd1.0A0.79std,0.8687268388259359,0.7682899183687892,0.1004369204571467,0.0002303573461535091,1783.0,0.46881863297123016,-0.07864488808227454,58,57,0.7414763800960661,False
PREDICT_original_tf_GLCMMS_energyd3.0A1.57std,0.0745426108082816,0.0700930675241999,0.004449543284081703,0.005043614803819305,1780.0,0.47918063169468406,-0.07683000604960677,58,57,0.7475824412198709,False
PREDICT_original_tf_Gabor_std_F0.5_A1.57,0.02690623156665095,0.0297466483371439,-0.002840416770492949,-0.005599585708974376,1526.0,0.47918063169468406,0.07683000604960677,58,57,0.7475824412198709,False
PREDICT_original_tf_GLCMMS_correlationd3.0A0.0std,0.07914110892276355,0.0749017406548147,0.004239368267948851,0.004013920995323175,1778.0,0.48615748827170147,-0.07562008469449477,58,57,0.7560745795518891,False
PREDICT_original_tf_GLCMMS_energyd3.0A0.0std,0.06948509391289145,0.0682091498011864,0.001275944111705049,0.004692966190779163,1775.0,0.49672495209995027,-0.073805202661827,58,57,0.7676658350635595,False
PREDICT_original_hf_range,2.087395694343659,1.9036735313204116,0.1837221630232473,0.1009739282114972,1775.0,0.49672495209995027,-0.073805202661827,58,57,0.7676658350635595,False
PREDICT_original_tf_GLCM_dissimilarityd3.0A0.0,1.2382391635493533,1.2550618784640706,-0.01682271491471732,-0.17077019110269442,1532.0,0.5002744566682353,0.073200241984271,58,57,0.7707353348045001,False
PREDICT_original_tf_GLCMMS_dissimilarityd1.0A1.57mean,1.2382391635493535,1.25506187846407,-0.01682271491471643,-0.16851236295573946,1533.0,0.5038373701344951,0.07259528130671511,58,57,0.771403178497845,False
PREDICT_original_tf_GLCMMS_ASMd3.0A1.57std,0.05649035225277745,0.0525877942125959,0.003902558040181553,0.0070046509159962175,1773.0,0.5038373701344951,-0.072595281306715,58,57,0.771403178497845,False
PREDICT_original_tf_GLCMMS_contrastd1.0A2.36std,8.605342529008656,7.2521170134535105,1.3532255155551454,0.051422159208790674,1772.0,0.5074136312467822,-0.071990320629159,58,57,0.7744734371661413,False
PREDICT_original_logf_peak_sigma1,-0.02207039833068845,-0.0199993252754211,-0.0020710730552673494,-0.0032960110682829953,1536.0,0.5146059460718301,0.07078039927404722,58,57,0.7782231024951296,False
PREDICT_original_tf_GLCM_contrastd3.0A2.36,8.605342529008656,7.252117013453512,1.3532255155551436,0.03483465451212986,1770.0,0.5146059460718301,-0.07078039927404722,58,57,0.7782231024951296,False
PREDICT_original_logf_median_sigma1,-0.02207039833068845,-0.0199993252754211,-0.0020710730552673494,-0.0032960110682829953,1536.0,0.5146059460718301,0.07078039927404722,58,57,0.7782231024951296,False
PREDICT_original_tf_GLCMMS_energyd3.0A0.0mean,0.0664360246925788,0.0650886758632321,0.0013473488293467006,0.003814872281626927,1766.0,0.5291479342681963,-0.06836055656382345,58,57,0.7953351572994536,False
PREDICT_original_tf_LBP_quartile_range_R3_P12,8.0,8.0,0.0,0.38021778584391974,1759.0,0.5287319546621658,-0.06412583182093168,58,57,0.7953351572994536,False
PREDICT_original_tf_GLCMMS_homogeneityd1.0A0.79mean,0.8236651665672967,0.8288605717503602,-0.005195405183063495,-0.0009352317994320014,1542.0,0.5364965342109177,0.06715063520871145,58,57,0.8014933071696437,False
PREDICT_original_tf_GLCM_homogeneityd1.0A1.57,0.8236651665672967,0.8288605717503602,-0.005195405183063495,-0.0009352317994321124,1542.0,0.5364965342109177,0.06715063520871145,58,57,0.8014933071696437,False
PREDICT_original_sf_solidity_std_2.5D,0.08430618580166341,0.0740968968438354,0.010209288957828008,-0.0036857012549122714,1763.0,0.5401899925399883,-0.06654567453115545,58,57,0.802149597356067,False
PREDICT_original_tf_GLCMMS_contrastd3.0A0.0mean,1.452163027024139,1.3379526407575482,0.11421038626659086,0.20175226093228793,1763.0,0.5401899925399883,-0.06654567453115545,58,57,0.802149597356067,False
PREDICT_original_tf_GLCMMS_energyd3.0A0.79std,0.07030745135815565,0.0685779330282515,0.001729518329904145,0.0040422481551434936,1762.0,0.5438961277039984,-0.06594071385359945,58,57,0.8052276004746883,False
PREDICT_original_hf_quartile_range,0.6388065075041918,0.5252303109722585,0.1135761965319333,0.010033377180318603,1761.0,0.5476148668480441,-0.06533575317604345,58,57,0.8058929234510022,False
PREDICT_original_tf_Gabor_min_F0.2_A2.36,-0.047423749684386854,-0.0472063934464737,-0.00021735623791315634,-0.0006937994359332358,1761.0,0.5476148668480441,-0.06533575317604345,58,57,0.8058929234510022,False
PREDICT_original_tf_LBP_min_R8_P24,0.0,0.0,0.0,-0.07380520266182697,1592.0,0.5509662965899724,0.0369026013309135,58,57,0.8060130095515028,False
PREDICT_original_tf_LBP_range_R8_P24,25.0,25.0,0.0,0.073805202661827,1714.0,0.5509662965899724,-0.0369026013309135,58,57,0.8060130095515028,False
PREDICT_original_tf_GLCMMS_ASMd1.0A1.57mean,0.13952303265712396,0.1498727765348424,-0.010349743877718448,-0.001575922604584723,1758.0,0.558845964063921,-0.06352087114337568,58,57,0.8127169919867642,False
PREDICT_original_phasef_phasecong_quartile_range_WL3_N5,0.0137812952011803,0.0133279716540221,0.00045332354715820096,-0.01399525466168532,1548.0,0.5586752379968345,0.06352087114337568,58,57,0.8127169919867642,False
PREDICT_original_tf_Gabor_skewness_F0.5_A1.57,3.8902014615016958,3.2115019325263607,0.678699528975335,0.2907465072228912,1757.0,0.5626143698738605,-0.06291591046581968,58,57,0.8157908363170977,False
PREDICT_original_tf_Gabor_min_F0.2_A0.79,-0.044054430034176,-0.0481015484195982,0.0040471183854221965,0.0025747846882257786,1755.0,0.5701877750903488,-0.061705989110707904,58,57,0.8219373483027543,False
PREDICT_original_tf_GLCM_correlationd1.0A0.79,0.8986572052033768,0.9008809886223468,-0.0022237834189700045,-0.013225062196435045,1551.0,0.5701877750903488,0.06170598911070779,58,57,0.8219373483027543,False
PREDICT_original_tf_Gabor_max_F0.2_A1.57,0.0746467035095845,0.0797428751462956,-0.005096171636711111,-0.010570649948921651,1552.0,0.573992615426081,0.061101028433151794,58,57,0.8226115098984242,False
PREDICT_original_tf_GLCM_correlationd3.0A2.36,0.8001814980894422,0.8184724070164181,-0.018290908926975935,-0.010791431680461372,1552.0,0.573992615426081,0.061101028433151794,58,57,0.8226115098984242,False
PREDICT_original_tf_Gabor_quartile_range_F0.5_A0.0,0.0087497595971414,0.0084477692017186,0.00030199039542280065,-0.003008745035936995,1553.0,0.5778094398452864,0.060496067755595906,58,57,0.8256813154890615,False
PREDICT_original_sf_solidity_avg_2.5D,1.1169232434087522,1.111686294527379,0.005236948881373049,-0.0018179219490523923,1749.0,0.5931949221506335,-0.05807622504537213,58,57,0.8261160921476337,False
PREDICT_original_tf_GLCMMS_correlationd1.0A2.36std,0.7348817950137688,0.7621040460612983,-0.02722225104752951,-0.013444374937031434,1557.0,0.5931949221506335,0.05807622504537202,58,57,0.8261160921476337,False
PREDICT_original_tf_GLCMMS_ASMd3.0A1.57mean,0.0571120474929143,0.0508370154818082,0.006275032011106102,0.005962637566999579,1751.0,0.5854787116909884,-0.05928614640048391,58,57,0.8261160921476337,False
PREDICT_original_tf_GLCMMS_ASMd3.0A0.0std,0.057868541133181,0.0534621896291346,0.004406351504046405,0.005917065535485752,1751.0,0.5854787116909884,-0.05928614640048391,58,57,0.8261160921476337,False
"PREDICT_original_vf_Frangi_full_std_SR(1.0, 10.0)_SS2.0",1.6108714515675125e-09,1.2915985115378735e-09,3.1927294002963906e-10,-1.3298922828171584e-06,1749.0,0.5931949221506335,-0.05807622504537213,58,57,0.8261160921476337,False
PREDICT_original_hf_max,2.5461258803157745,2.688349285179606,-0.14222340486383134,-0.19029340337956935,1556.0,0.5893309919958944,0.05868118572292802,58,57,0.8261160921476337,False
PREDICT_original_tf_GLCMMS_energyd1.0A1.57mean,0.37046598252211715,0.381612020932743,-0.011146038410625836,0.005076795742447959,1751.0,0.5854787116909884,-0.05928614640048391,58,57,0.8261160921476337,False
PREDICT_original_tf_GLCMMS_dissimilarityd3.0A1.57std,0.38959824236221935,0.3570795598990009,0.03251868246321843,0.03439726339468724,1752.0,0.5816381662876557,-0.05989110707803991,58,57,0.8261160921476337,False
"PREDICT_original_vf_Frangi_edge_std_SR(1.0, 10.0)_SS2.0",1.6108714515675125e-09,1.2915985115378735e-09,3.1927294002963906e-10,-1.3298922828171584e-06,1749.0,0.5931949221506335,-0.05807622504537213,58,57,0.8261160921476337,False
PREDICT_original_tf_GLCMMS_ASMd3.0A2.36std,0.05663043014387835,0.0492482606297323,0.007382169514146046,0.006031358395596008,1748.0,0.5970704161160956,-0.05747126436781613,58,57,0.8268418964753795,False
"PREDICT_original_vf_Frangi_inner_kurtosis_SR(1.0, 10.0)_SS2.0",40.11931705087654,42.834038642305686,-2.7147215914291465,1936.9476593466707,1748.0,0.5970704161160956,-0.05747126436781613,58,57,0.8268418964753795,False
PREDICT_original_tf_GLCMMS_correlationd1.0A0.0std,0.8639779235156698,0.8626147112692973,0.0013632122463724805,-0.020116800336181684,1561.0,0.6087654057836132,0.05565638233514825,58,57,0.8336704029203369,False
PREDICT_original_tf_GLCMMS_ASMd3.0A0.79mean,0.059160452439994904,0.0516570218232132,0.0075034306167817005,0.005299990949443972,1746.0,0.6048557464167432,-0.056261343012704135,58,57,0.8336704029203369,False
PREDICT_original_tf_LBP_kurtosis_R3_P12,-1.2730737616325043,-1.258752004642837,-0.0143217569896672,-0.055421195266953216,1561.0,0.6087654057836132,0.05565638233514825,58,57,0.8336704029203369,False
PREDICT_original_tf_Gabor_median_F0.2_A2.36,-0.0030982425067060003,-0.0023960267352389,-0.0007022157714671002,-0.0002556374625830235,1561.0,0.6087654057836132,0.05565638233514825,58,57,0.8336704029203369,False
PREDICT_original_tf_GLCMMS_energyd3.0A1.57mean,0.07363606493053029,0.0705888480540085,0.003047216876521791,0.0034956893228633573,1744.0,0.6126862750355015,-0.05505142165759236,58,57,0.8367156055193969,False
PREDICT_original_tf_GLCMMS_contrastd1.0A1.57mean,7.557537899268614,7.407172359385402,0.15036553988321177,-1.1365142666530446,1563.0,0.6166182632759838,0.05444646098003625,58,57,0.8374457404822591,False
PREDICT_original_tf_GLCM_contrastd3.0A0.0,7.557537899268614,7.4071723593854015,0.15036553988321266,-1.1549794011371564,1563.0,0.6166182632759838,0.05444646098003625,58,57,0.8374457404822591,False
PREDICT_original_logf_range_sigma10,1.5187150919437409,1.5639076471328734,-0.045192555189132566,-0.06385141739431344,1564.0,0.6205612786540429,0.05384150030248036,58,57,0.8404854680671514,False
"PREDICT_original_vf_Frangi_inner_skewness_SR(1.0, 10.0)_SS2.0",5.72875279171951,5.616376896375034,0.112375895344476,8.9878196554431,1740.0,0.6284800186816479,-0.05263157894736836,58,57,0.848878490986445,False
PREDICT_original_hf_std,0.499790287140789,0.4451310402456402,0.05465924689514878,0.017009708651451128,1739.0,0.6324555549103551,-0.052026618269812364,58,57,0.8508681136247319,False
PREDICT_original_phasef_monogenic_median_WL3_N5,85.92,89.5,-3.5799999999999983,0.46996975196611857,1567.5,0.633404863489405,0.051724137931034475,58,57,0.8508681136247319,False
PREDICT_original_tf_GLCMMS_contrastd1.0A0.0std,4.4770369837396595,3.9112382981570177,0.5657986855826418,0.026427283063185314,1736.0,0.6444456784017326,-0.05021173623714459,58,57,0.8610073697887648,False
PREDICT_original_tf_GLCM_contrastd1.0A0.79,4.47703698373966,3.9112382981570177,0.5657986855826427,0.02642728306318709,1736.0,0.6444456784017326,-0.05021173623714459,58,57,0.8610073697887648,False
PREDICT_original_tf_GLCMMS_ASMd3.0A0.0mean,0.058660769104662294,0.0549323716399673,0.003728397464694992,0.005106572912312174,1732.0,0.6605770475453607,-0.047791893526920814,58,57,0.8778018448513824,False
PREDICT_original_logf_mean_sigma5,-0.0307252001197706,-0.0323546095402279,0.0016294094204572958,-0.0027642805001182463,1574.0,0.6605770475453607,0.047791893526920703,58,57,0.8778018448513824,False
PREDICT_original_tf_GLCM_correlationd1.0A0.0,0.9356027847527957,0.9340949614526912,0.0015078233001044605,-0.011535900357145912,1576.0,0.6687028701671417,0.046581972171808816,58,57,0.8862110618075292,False
PREDICT_original_tf_Gabor_std_F0.2_A1.57,0.02657071646190315,0.0283916389075599,-0.0018209224456567502,-0.002582380304492468,1578.0,0.6768676883030059,0.04537205081669693,58,57,0.8946267301163054,False
PREDICT_original_tf_GLCM_contrastd1.0A0.0,2.7717370928452882,2.6858989548167633,0.08583813802852491,0.05996119618055529,1723.0,0.6974447957613807,-0.042347247428917045,58,57,0.9001054563098448,False
PREDICT_original_tf_GLCMMS_correlationd3.0A0.0mean,0.05903771630890925,0.0519319848404494,0.007105731468459851,0.003056118895511134,1726.0,0.6850706623180767,-0.04416212946158504,58,57,0.9001054563098448,False
PREDICT_original_phasef_monogenic_kurtosis_WL3_N5,-1.1598932562118829,-1.0901646703628736,-0.06972858584900932,-0.0863755370023872,1583.0,0.6974447957613807,0.042347247428917156,58,57,0.9001054563098448,False
PREDICT_original_tf_GLCMMS_ASMd3.0A2.36mean,0.0579361733467395,0.0499222311452344,0.0080139422015051,0.004929281977625183,1723.0,0.6974447957613807,-0.042347247428917045,58,57,0.9001054563098448,False
PREDICT_original_tf_GLCMMS_ASMd3.0A0.79std,0.0588144247982231,0.0526196694609732,0.006194755337249905,0.004417730276068663,1724.0,0.693310939080565,-0.042952208106473044,58,57,0.9001054563098448,False
PREDICT_original_logf_std_sigma1,0.09096724024088304,0.103213611144126,-0.012246370903242959,-0.0001254164066875202,1583.0,0.6974447957613807,0.042347247428917156,58,57,0.9001054563098448,False
PREDICT_original_tf_LBP_median_R15_P36,36.26,36.26,0.0,0.7563399879007804,1687.5,0.6829942296305296,-0.020871143375680523,58,57,0.9001054563098448,False
PREDICT_original_logf_max_sigma1,0.20407763749360974,0.2531557792425158,-0.04907814174890607,-0.004084311828008225,1581.0,0.6891861916968299,0.04355716878402904,58,57,0.9001054563098448,False
PREDICT_original_tf_GLCMMS_contrastd1.0A0.0mean,2.771737092845288,2.685898954816763,0.08583813802852491,0.05996119618055573,1723.0,0.6974447957613807,-0.042347247428917045,58,57,0.9001054563098448,False
PREDICT_original_logf_skewness_sigma5,-0.8989857392963114,-0.7380427153158042,-0.1609430239805072,0.0864626034636986,1589.0,0.7224330423676857,0.038717483363581384,58,57,0.9014309921282005,False
PREDICT_original_logf_min_sigma10,-0.8940200692415238,-0.9134623193740844,0.019442250132560623,0.032314168403563936,1722.0,0.7015876522206019,-0.04174228675136127,58,57,0.9014309921282005,False
"PREDICT_original_vf_Frangi_edge_skewness_SR(1.0, 10.0)_SS2.0",5.712775823305801,6.578976250288594,-0.8662004269827932,3.7356502155606606,1592.0,0.7350410929726909,0.0369026013309135,58,57,0.9014309921282005,False
PREDICT_original_logf_peak_position_sigma10,29.5,30.0,-0.5,-0.3938294010889294,1590.5,0.7273465198169224,0.037810042347247386,58,57,0.9014309921282005,False
PREDICT_original_logf_range_sigma1,0.4204151268303393,0.5154817980527877,-0.09506667122244838,-0.006480904489899908,1587.0,0.7140691130999575,0.03992740471869327,58,57,0.9014309921282005,False
"PREDICT_original_vf_Frangi_full_skewness_SR(1.0, 10.0)_SS2.0",5.712775823305801,6.578976250288594,-0.8662004269827932,3.7356502155606606,1592.0,0.7350410929726909,0.0369026013309135,58,57,0.9014309921282005,False
PREDICT_original_tf_GLCM_dissimilarityd3.0A2.36,1.3350475959978634,1.1931711198681112,0.14187647612975218,-0.03948257094303442,1715.0,0.7308302753873153,-0.0375075620084695,58,57,0.9014309921282005,False
PREDICT_original_tf_GLCMMS_homogeneityd1.0A1.57std,0.7046845435821281,0.6752411449435225,0.029443398638605567,0.016469740908630515,1715.0,0.7308302753873153,-0.0375075620084695,58,57,0.9014309921282005,False
PREDICT_original_tf_GLCMMS_ASMd1.0A1.57std,0.13624670182302562,0.1501338971037398,-0.013887195280714193,-0.002654009562491566,1721.0,0.7057393981372928,-0.04113732607380527,58,57,0.9014309921282005,False
PREDICT_original_tf_Gabor_range_F0.05_A1.57,0.215241704932231,0.2239077902094152,-0.00866608527718421,0.012458974170615866,1715.0,0.7308302753873153,-0.0375075620084695,58,57,0.9014309921282005,False
PREDICT_original_tf_GLCMMS_dissimilarityd1.0A2.36std,1.335047595997863,1.1931711198681114,0.14187647612975152,-0.03734735535019418,1715.0,0.7308302753873153,-0.0375075620084695,58,57,0.9014309921282005,False
PREDICT_original_tf_GLCM_homogeneityd1.0A0.0,0.8316389262589362,0.8141781840843431,0.017460742174593147,0.014459706367515035,1719.0,0.7140691130999575,-0.03992740471869327,58,57,0.9014309921282005,False
PREDICT_original_tf_GLCMMS_correlationd1.0A1.57mean,0.7619398196226461,0.7511565121421205,0.010783307480525584,0.012016424259837066,1719.0,0.7140691130999575,-0.03992740471869327,58,57,0.9014309921282005,False
PREDICT_original_tf_GLCMMS_correlationd1.0A0.0mean,0.9013987325095754,0.901606416423637,-0.00020768391406167375,-0.016069100086464005,1591.0,0.7308302753873153,0.0375075620084695,58,57,0.9014309921282005,False
PREDICT_original_tf_GLCMMS_homogeneityd1.0A0.0mean,0.8316389262589363,0.8141781840843433,0.017460742174593036,0.014459706367515035,1719.0,0.7140691130999575,-0.03992740471869327,58,57,0.9014309921282005,False
PREDICT_original_tf_GLCM_correlationd3.0A0.0,0.8130004029726068,0.8032372770056285,0.009763125966978259,0.01516345839141553,1715.0,0.7308302753873153,-0.0375075620084695,58,57,0.9014309921282005,False
PREDICT_original_tf_GLCM_homogeneityd3.0A0.79,0.7046845435821283,0.6752411449435227,0.029443398638605567,0.015940907210173938,1714.0,0.7350410929726909,-0.0369026013309135,58,57,0.9014309921282005,False
PREDICT_original_tf_GLCMMS_energyd1.0A1.57std,0.3571694323711039,0.3763251401952793,-0.019155707824175416,0.0026729467027374887,1721.0,0.7057393981372928,-0.04113732607380527,58,57,0.9014309921282005,False
PREDICT_original_tf_GLCMMS_homogeneityd1.0A2.36mean,0.692144723773555,0.7017432208275058,-0.009598497053950883,0.0004321697811653369,1588.0,0.7182468575710461,0.03932244404113727,58,57,0.9014309921282005,False
PREDICT_original_tf_GLCM_homogeneityd3.0A1.57,0.6921447237735548,0.7017432208275062,-0.009598497053951327,0.0004321697811653369,1588.0,0.7182468575710461,0.03932244404113727,58,57,0.9014309921282005,False
PREDICT_original_tf_Gabor_skewness_F0.05_A1.57,0.3197894173707936,0.2516771453111928,0.0681122720596008,0.03005434329354989,1712.0,0.7434865482118123,-0.0356926799758015,58,57,0.9095257277132096,False
PREDICT_original_tf_GLCMMS_contrastd3.0A1.57mean,3.60352201561849,3.4652815371292025,0.13824047848928744,0.0921256633030767,1596.0,0.7519629790722455,0.03448275862068961,58,57,0.915352465883005,False
PREDICT_original_logf_skewness_sigma1,-0.39312182401364903,-0.4338690022349832,0.04074717822133417,0.02275447715676615,1710.0,0.7519629790722455,-0.034482758620689724,58,57,0.915352465883005,False
PREDICT_original_tf_GLCMMS_contrastd3.0A1.57std,3.472032999508794,3.3635672360257756,0.1084657634830184,0.37748867055111957,1709.0,0.7562125135556155,-0.033877797943133725,58,57,0.9182580521746759,False
PREDICT_original_logf_min_sigma1,-0.21035311639308923,-0.261529933810234,0.05117681741714475,0.002396592661891628,1707.0,0.7647336210240756,-0.03266787658802173,58,57,0.9217938268089714,False
PREDICT_original_tf_GLCMMS_correlationd3.0A2.36std,0.11681829469698554,0.1230604923757535,-0.006242197678767963,0.002207572149854134,1707.0,0.7647336210240756,-0.03266787658802173,58,57,0.9217938268089714,False
PREDICT_original_tf_GLCMMS_correlationd3.0A1.57mean,0.11490205222525465,0.1242423228247315,-0.009340270599476841,-0.005722206366064547,1599.0,0.7647336210240756,0.03266787658802173,58,57,0.9217938268089714,False
PREDICT_original_tf_Gabor_quartile_range_F0.05_A1.57,0.0374824919335445,0.0409484358162824,-0.0034659438827379027,-0.003632460443251745,1602.0,0.7775685597186559,0.030852994555353952,58,57,0.9349787803446277,False
PREDICT_original_sf_evar_std_2.5D,0.025931788938345,0.020427497033669,0.005504291904675999,-0.0009177053550508442,1701.0,0.7904644867004595,-0.029038112522685955,58,57,0.9413019129065859,False
PREDICT_original_tf_Gabor_min_F0.05_A2.36,-0.06977423668808924,-0.0700581079013213,0.000283871213232062,-0.0015914261203476138,1701.0,0.7904644867004595,-0.029038112522685955,58,57,0.9413019129065859,False
PREDICT_original_tf_Gabor_range_F0.2_A1.57,0.12444101573721575,0.1322328550979024,-0.007791839360686642,-0.010961065990275881,1604.0,0.7861592742145641,0.029643073200241954,58,57,0.9413019129065859,False
PREDICT_original_sf_cvar_std_2.5D,0.03330677584958805,0.0333883041763783,-8.152832679025196e-05,0.0015613378403860692,1701.0,0.7904644867004595,-0.029038112522685955,58,57,0.9413019129065859,False
PREDICT_original_tf_GLCMMS_homogeneityd1.0A2.36std,0.6990756560225684,0.6906814204060987,0.00839423561646968,0.011428701293225485,1700.0,0.7947761028758659,-0.028433151845129956,58,57,0.9441557077537394,False
PREDICT_original_tf_LBP_std_R3_P12,4.541864617996163,4.585997657268188,-0.044133039272025165,0.04565581298516985,1607.0,0.7990939971525125,0.027828191167574068,58,57,0.947003222586992,False
PREDICT_original_tf_GLCM_homogeneityd3.0A2.36,0.6990756560225684,0.6906814204060988,0.00839423561646957,0.010890670032825733,1698.0,0.8034180433660851,-0.02722323049001818,58,57,0.9475719985155023,False
PREDICT_original_tf_GLCMMS_ASMd1.0A2.36std,0.133037095073815,0.1533039111950851,-0.020266816121270098,-0.0052029473772623736,1698.0,0.8034180433660851,-0.02722323049001818,58,57,0.9475719985155023,False
PREDICT_original_logf_min_sigma5,-0.6639378958940505,-0.6999388813972474,0.03600098550319686,0.004499689111800431,1695.0,0.8164258235766254,-0.025408348457350183,58,57,0.960615587167724,False
PREDICT_original_tf_GLCMMS_ASMd1.0A0.0std,0.15673984414884415,0.1693761644059017,-0.012636320257057548,-0.00429489910148162,1694.0,0.820773204761459,-0.024803387779794406,58,57,0.9634314046366649,False
PREDICT_original_hf_kurtosis,0.976772882034469,1.0168698401772698,-0.04009695814280079,-0.1811377381111532,1613.0,0.8251260988097535,0.024198427102238407,58,57,0.9662403009814928,False
PREDICT_original_tf_GLCMMS_homogeneityd1.0A0.79std,0.781531703883108,0.7743317509896976,0.007199952893410355,0.007570417811474939,1688.0,0.84696871633244,-0.021173623714458634,58,57,0.9676140260193512,False
PREDICT_original_logf_peak_sigma5,-0.0293051052093506,-0.0290645837783811,-0.00024052143096950016,-0.0008981229234160115,1617.0,0.8425902085273024,0.02177858439201452,58,57,0.9676140260193512,False
PREDICT_original_tf_GLCMMS_homogeneityd1.0A0.0std,0.7815175561519634,0.7597849098750956,0.021732646276867773,0.013300299054809894,1688.0,0.84696871633244,-0.021173623714458634,58,57,0.9676140260193512,False
PREDICT_original_logf_range_sigma5,1.2423497849702834,1.269622194766998,-0.027272409796714525,-0.015014840967894738,1620.0,0.8557397877169111,0.019963702359346636,58,57,0.9676140260193512,False
PREDICT_original_tf_GLCMMS_energyd1.0A0.79mean,0.40847895841368886,0.429209676013968,-0.020730717600279114,-0.005814015567886133,1618.0,0.84696871633244,0.021173623714458523,58,57,0.9676140260193512,False
PREDICT_original_tf_GLCMMS_energyd1.0A2.36std,0.3581517272358282,0.3777718124706745,-0.019620085234846263,-0.0011309754791521964,1686.0,0.8557397877169111,-0.019963702359346636,58,57,0.9676140260193512,False
PREDICT_original_tf_Gabor_peak_position_F0.05_A0.79,22.0,22.0,0.0,-0.46672716273442205,1691.5,0.8310157249654031,-0.02329098608590452,58,57,0.9676140260193512,False
PREDICT_original_tf_GLCMMS_energyd1.0A0.0std,0.39334760628864285,0.4056047817997993,-0.01225717551115646,-0.0007130312808805161,1687.0,0.8513519534601668,-0.020568663036902635,58,57,0.9676140260193512,False
PREDICT_original_tf_Gabor_min_F0.2_A1.57,-0.04381684955177485,-0.0518217299792184,0.008004880427443545,0.000390416041354244,1619.0,0.8513519534601668,0.020568663036902635,58,57,0.9676140260193512,False
PREDICT_original_tf_Gabor_min_F0.05_A0.0,-0.0881164839848586,-0.0923699482350302,0.00425346425017159,-0.0016599867289991826,1686.0,0.8557397877169111,-0.019963702359346636,58,57,0.9676140260193512,False
PREDICT_original_tf_GLCM_homogeneityd1.0A0.79,0.7815175561519633,0.7597849098750957,0.02173264627686755,0.013300299054809783,1688.0,0.84696871633244,-0.021173623714458634,58,57,0.9676140260193512,False
PREDICT_original_tf_Gabor_peak_position_F0.5_A1.57,19.0,19.0,0.0,-0.11222020568662927,1615.5,0.8352719146795708,0.02268602540834841,58,57,0.9676140260193512,False
PREDICT_original_tf_GLCM_homogeneityd1.0A2.36,0.7815317038831081,0.7743317509896979,0.007199952893410244,0.007570417811474939,1688.0,0.84696871633244,-0.021173623714458634,58,57,0.9676140260193512,False
PREDICT_original_tf_Gabor_peak_position_F0.5_A2.36,16.0,16.0,0.0,-0.10556563823351439,1616.0,0.8367774823617444,0.02238354506957052,58,57,0.9676140260193512,False
PREDICT_original_tf_Gabor_kurtosis_F0.2_A1.57,12.791248007235033,14.298965330921677,-1.5077173236866432,0.26742850075352465,1690.0,0.8382165617998882,-0.02238354506957041,58,57,0.9676140260193512,False
PREDICT_original_tf_Gabor_peak_position_F0.05_A1.57,26.0,26.0,0.0,-0.015426497277676532,1680.5,0.8792793481133327,-0.016636418632788974,58,57,0.982958545623295,False
PREDICT_original_tf_GLCM_dissimilarityd1.0A0.79,0.7931562212047979,0.7932597180324538,-0.00010349682765586898,-0.044136688023198256,1681.0,0.8777432599813456,-0.016938898971566863,58,57,0.982958545623295,False
PREDICT_original_tf_Gabor_std_F0.05_A1.57,0.046188678161489846,0.0505194063687039,-0.0043307282072140504,0.0012239695062177675,1682.0,0.873334437488311,-0.01754385964912286,58,57,0.982958545623295,False
PREDICT_original_tf_GLCMMS_dissimilarityd1.0A0.0std,0.793156221204798,0.793259718032454,-0.00010349682765598,-0.04413668802319837,1681.0,0.8777432599813456,-0.016938898971566863,58,57,0.982958545623295,False
PREDICT_original_tf_Gabor_peak_F0.2_A2.36,-0.003391251168839,-0.0034736752419205,8.242407308149983e-05,6.587422723386199e-05,1682.0,0.873334437488311,-0.01754385964912286,58,57,0.982958545623295,False
PREDICT_original_tf_GLCMMS_energyd1.0A0.0mean,0.4096937734288226,0.425163227625881,-0.015469454197058363,-0.0010484410440643188,1680.0,0.8821558779084502,-0.016333938294010864,58,57,0.9839430945901945,False
PREDICT_original_tf_GLCM_dissimilarityd3.0A0.79,1.266122964605486,1.2430996072592038,0.023023357346282136,-0.10956725432691283,1627.0,0.8865721563451321,0.015728977616454975,58,57,0.9844145790048425,False
PREDICT_original_tf_GLCMMS_ASMd1.0A0.0mean,0.17185454631528466,0.1824422785452009,-0.010587732229916241,-0.004442770433883442,1679.0,0.8865721563451321,-0.015728977616454864,58,57,0.9844145790048425,False
PREDICT_original_tf_GLCMMS_dissimilarityd1.0A1.57std,1.2661229646054857,1.243099607259204,0.023023357346281692,-0.10720174716645525,1628.0,0.8909919600257983,0.015124016938898976,58,57,0.9870989579611653,False
PREDICT_original_tf_GLCMMS_ASMd1.0A0.79mean,0.1710797744771133,0.191119220349181,-0.020039445872067685,-0.007491397797913413,1629.0,0.8954151533561799,0.014519056261342977,58,57,0.9897750461986474,False
"PREDICT_original_vf_Frangi_full_kurtosis_SR(1.0, 10.0)_SS2.0",49.00685269637144,57.10654722928644,-8.099694532915002,571.8637376340357,1632.0,0.9087037106351394,0.012704174228675091,58,57,0.9977526265993848,False
"PREDICT_original_vf_Frangi_edge_kurtosis_SR(1.0, 10.0)_SS2.0",49.00685269637144,57.10654722928644,-8.099694532915002,571.8637376340357,1632.0,0.9087037106351394,0.012704174228675091,58,57,0.9977526265993848,False
PREDICT_original_logf_median_sigma5,-0.02906479835510245,-0.0277886867523193,-0.0012761116027831497,0.0002917484352246702,1632.0,0.9087037106351394,0.012704174228675091,58,57,0.9977526265993848,False
"PREDICT_original_vf_Frangi_edge_max_SR(1.0, 10.0)_SS2.0",4.8114009660366734e-09,4.3899723846987934e-09,4.2142858133788e-10,-4.562820653926035e-06,1634.0,0.9175771975231849,0.011494252873563204,58,57,0.9985994666201549,False
"PREDICT_original_vf_Frangi_full_range_SR(1.0, 10.0)_SS2.0",4.8114009660366734e-09,4.3899723846987934e-09,4.2142858133788e-10,-4.56282045561075e-06,1634.0,0.9175771975231849,0.011494252873563204,58,57,0.9985994666201549,False
"PREDICT_original_vf_Frangi_full_max_SR(1.0, 10.0)_SS2.0",4.8114009660366734e-09,4.3899723846987934e-09,4.2142858133788e-10,-4.562820653926035e-06,1634.0,0.9175771975231849,0.011494252873563204,58,57,0.9985994666201549,False
"PREDICT_original_vf_Frangi_edge_range_SR(1.0, 10.0)_SS2.0",4.8114009660366734e-09,4.3899723846987934e-09,4.2142858133788e-10,-4.56282045561075e-06,1634.0,0.9175771975231849,0.011494252873563204,58,57,0.9985994666201549,False
PREDICT_original_tf_GLCMMS_ASMd1.0A2.36mean,0.1377437002175779,0.160232181057093,-0.0224884808395151,-0.007632528778037412,1635.0,0.9220178644444154,0.010889292196007205,58,57,0.9990215542221906,False
PREDICT_original_tf_GLCMMS_energyd1.0A2.36mean,0.36441389763250476,0.3897803424701362,-0.025366444837631452,-0.005893121057355566,1635.0,0.9220178644444154,0.010889292196007205,58,57,0.9990215542221906,False
"PREDICT_original_vf_Frangi_inner_peak_position_SR(1.0, 10.0)_SS2.0",0.0,0.0,0.0,0.0,1653.0,1.0,0.0,58,57,1.0,False
PREDICT_original_phasef_phasecong_peak_position_WL3_N5,0.0,0.0,0.0,0.0,1653.0,1.0,0.0,58,57,1.0,False
"PREDICT_original_vf_Frangi_edge_peak_position_SR(1.0, 10.0)_SS2.0",0.0,0.0,0.0,0.0,1653.0,1.0,0.0,58,57,1.0,False
PREDICT_original_tf_LBP_max_R15_P36,37.0,37.0,0.0,0.0,1653.0,1.0,0.0,58,57,1.0,False
"PREDICT_original_vf_Frangi_edge_peak_SR(1.0, 10.0)_SS2.0",0.0,0.0,0.0,0.0,1653.0,1.0,0.0,58,57,1.0,False
PREDICT_original_phasef_phasesym_min_WL3_N5,0.0,0.0,0.0,0.0,1653.0,1.0,0.0,58,57,1.0,False
PREDICT_original_tf_Gabor_peak_position_F0.5_A0.0,19.0,19.0,0.0,0.010586811857230316,1646.0,0.9707958628971121,0.00423472474289166,58,57,1.0,False
"PREDICT_original_vf_Frangi_full_peak_position_SR(1.0, 10.0)_SS2.0",0.0,0.0,0.0,0.0,1653.0,1.0,0.0,58,57,1.0,False
PREDICT_original_tf_GLCMMS_correlationd1.0A1.57std,0.7502984791462963,0.7404054986945822,0.009892980451714162,-0.0013911482310471346,1658.0,0.9799175397372114,-0.003024803387779773,58,57,1.0,False
PREDICT_original_tf_GLCMMS_dissimilarityd3.0A1.57mean,0.4041008394801829,0.4028285900698428,0.0012722494103400983,0.006603742312484173,1639.0,0.9398034767704999,0.008469449485783431,58,57,1.0,False
PREDICT_original_sf_evar_avg_2.5D,0.0428332039029187,0.043817195429946,-0.0009839915270273003,-0.0021205935871074985,1651.0,0.9933052181774114,0.001209921355111887,58,57,1.0,False
"PREDICT_original_vf_Frangi_edge_min_SR(1.0, 10.0)_SS2.0",0.0,0.0,0.0,-1.9831528470198697e-13,1652.0,0.9901449441348128,0.000604960677555999,58,57,1.0,False
PREDICT_original_phasef_phasesym_peak_WL3_N5,0.0,0.0,0.0,0.0,1653.0,1.0,0.0,58,57,1.0,False
PREDICT_original_phasef_phasesym_peak_position_WL3_N5,0.0,0.0,0.0,0.0,1653.0,1.0,0.0,58,57,1.0,False
PREDICT_original_tf_GLCM_dissimilarityd1.0A0.0,0.5669898430176616,0.5699652069541558,-0.002975363936494113,-0.04204935240771834,1646.0,0.9709953294192455,0.00423472474289166,58,57,1.0,False
PREDICT_original_tf_GLCMMS_correlationd3.0A1.57std,0.10873114889076399,0.1164365684923151,-0.007705419601551106,0.0028846391814624506,1664.0,0.9531629089667728,-0.006654567453115545,58,57,1.0,False
PREDICT_original_phasef_phasecong_peak_WL3_N5,0.0,0.0,0.0,0.0,1653.0,1.0,0.0,58,57,1.0,False
PREDICT_original_tf_LBP_peak_position_R8_P24,49.0,49.0,0.0,0.0,1653.0,1.0,0.0,58,57,1.0,False
PREDICT_original_tf_Gabor_max_F0.05_A1.57,0.13806396580466265,0.1418590887905662,-0.0037951229859035374,-0.00046541583492373806,1649.0,0.9843796570392899,0.002419842710223885,58,57,1.0,False
PREDICT_original_tf_LBP_peak_R8_P24,24.5,24.5,0.0,0.0,1653.0,1.0,0.0,58,57,1.0,False
PREDICT_original_logf_max_sigma5,0.5669120639562595,0.5635635685920716,0.003348495364187909,-0.010515151856094196,1658.0,0.9799175397372114,-0.003024803387779773,58,57,1.0,False
"PREDICT_original_vf_Frangi_full_min_SR(1.0, 10.0)_SS2.0",0.0,0.0,0.0,-1.9831528470198697e-13,1652.0,0.9901449441348128,0.000604960677555999,58,57,1.0,False
PREDICT_original_tf_LBP_min_R3_P12,0.0,0.0,0.0,0.0,1653.0,1.0,0.0,58,57,1.0,False
PREDICT_original_tf_GLCMMS_contrastd1.0A1.57std,7.520384398703204,7.38805998344025,0.13232441526295347,-0.6717095067345848,1637.0,0.9309063575388357,0.009679370840895318,58,57,1.0,False
PREDICT_original_tf_LBP_max_R3_P12,13.0,13.0,0.0,0.0,1653.0,1.0,0.0,58,57,1.0,False
"PREDICT_original_vf_Frangi_inner_peak_SR(1.0, 10.0)_SS2.0",0.0,0.0,0.0,0.0,1653.0,1.0,0.0,58,57,1.0,False
PREDICT_original_tf_Gabor_quartile_range_F0.2_A1.57,0.0155263306142351,0.0154777810832748,4.8549530960300194e-05,-0.002381071119837687,1642.0,0.9531629089667728,0.006654567453115545,58,57,1.0,False
PREDICT_original_tf_GLCMMS_ASMd1.0A0.79std,0.15684305041597857,0.173837231826928,-0.016994181410949438,-0.006050511083226295,1667.0,0.9398034767704999,-0.00846944948578332,58,57,1.0,False
PREDICT_original_tf_GLCM_contrastd3.0A0.79,7.520384398703203,7.38805998344025,0.13232441526295258,-0.6912229179430565,1637.0,0.9309063575388357,0.009679370840895318,58,57,1.0,False
PREDICT_original_tf_GLCM_correlationd3.0A0.79,0.8085617234988716,0.8064308947591373,0.0021308287397342474,0.004878257579014833,1653.0,1.0,0.0,58,57,1.0,False
PREDICT_original_phasef_monogenic_quartile_range_WL3_N5,89.0,87.0,2.0,-1.3666061705988994,1637.5,0.933111571164255,0.009376890502117319,58,57,1.0,False
PREDICT_original_tf_LBP_range_R3_P12,13.0,13.0,0.0,0.0,1653.0,1.0,0.0,58,57,1.0,False
PREDICT_original_phasef_phasecong_min_WL3_N5,0.0,0.0,0.0,0.0,1653.0,1.0,0.0,58,57,1.0,False
"PREDICT_original_vf_Frangi_full_peak_SR(1.0, 10.0)_SS2.0",0.0,0.0,0.0,0.0,1653.0,1.0,0.0,58,57,1.0,False
PREDICT_original_tf_LBP_max_R8_P24,25.0,25.0,0.0,0.0,1653.0,1.0,0.0,58,57,1.0,False
PREDICT_original_tf_GLCMMS_energyd1.0A0.79std,0.3927958894302933,0.4148879773427061,-0.022092087912412794,-0.002939989561854983,1663.0,0.9576191659101356,-0.006049606775559546,58,57,1.0,False
PREDICT_original_tf_GLCMMS_dissimilarityd1.0A0.0mean,0.5669898430176614,0.5699652069541559,-0.002975363936494446,-0.04204935240771834,1646.0,0.9709953294192455,0.00423472474289166,58,57,1.0,False
PREDICT_original_tf_Gabor_peak_position_F0.5_A0.79,17.0,17.0,0.0,-0.07350272232304889,1663.5,0.9550219557660439,-0.006352087114337657,58,57,1.0,False
